name,rating,number of rating,tags,phone number,location,email
Upendra Handlooms Textiles ,2,1,"Handlooms, Sarees & Blouses",+91 9666675463,Boduppal,not mentioned
Arvind Store,4,1,"Garments, Pants, Ready Made Garments",+91 40 23030314,Chanda Nagar,arvindebo.chandanagar@gmail.com
Andhra Watch Company,0,0,"Lifestyle Accessories, Wrist Watches",+91 9000006021,Ameerpet,andhrawatchco@gmail.com
Style Lounge Men's Wear,0,0,"Belts & Wallets, Ethnic Wear, Footwear",+91 9885736456,Abids,shaiknaveed87@gmail.com
Fila Store Men's & Women's Wear,0,0,"Ethnic Wear, Footwear, Frames",+91 9347298422,Himayat Nagar,himayathnagar@prolineindia.com
Cobb Apparels Private Limited,0,0,"Garments, Jeans, Pants",+91 7661010960,Ameerpet,cobbameerpet@gmail.com
The Arvind Store,0,0,"Garments, Jeans, Lifestyle Accessories",+91 9603139789,Attapur,chandrashekar.custom@arvind.in
Twenty5 Foot Wear,0,0,"Footwear, Lifestyle Accessories, Sandals & Floaters",+91 9652020881,Banjara Hills,twenty5@hotmail.com
4 Me Clothing Store,0,0,"Garments, Jeans, Pants",+91 9553474842,Himayat Nagar,sunnyvs955@gmail.com
Denim Fashion Showroom,5,1,"Garments, Pants, Ready Made Garments",+91 8801473960,Kukatpally,shaikhfaizan0208@gmail.com
Wills Life Style Showroom,0,0,"Belts & Wallets, Garments, Jeans",+91 9642220754,Himayat Nagar,s.managr.hyderabad2@itc.in
Basics Life,0,0,"Belts & Wallets, Caps & Hats, Garments",+91 9030335125,Himayat Nagar,himayathnagar@hasbroclothing.com
Brij Textiles,0,0,"Dress Materials, Matching Centres, Tailoring Materials",+91 9849000630,Feelkhana,brijtextiles@yahoo.co.in
Kanishk Women's Wear,0,0,"Dress Materials, Garments, Ladies Dresses",+91 9849132392,Abids,sbkanish@yahoo.com
Deccan Fabrics (The Raymonds),0,0,"Garments, Jeans, Ladies Bags & Purses",+91 9640503335,Narayanguda,deccanfabrics@gmail.com
Usha International Ltd,0,0,"Sewing Machine Dealers, Tailors & Designers",+91 9346694310,Kukatpally,kukatpally_shop@ushainternational.com
Italian Leathers,0,0,"Belts & Wallets, Ladies Bags & Purses, Lifestyle Accessories",+91 9849437372,Ameerpet,italianleatherameerpet@yahoo.com
Van Heusen Store,4,1,"Ethnic Wear, Garments, Jeans",+91 8374474482,Himayat Nagar,mg.hydvh1764@madhura.adityabirla.com
Jockey Innerwear Shop,0,0,"Garments, Hosiery Store , Innerwear And Loungewear",+91 9849132392,Abids,jokey.hydebo@yahoo.co.in
Mym Ultimate Collection Showroom,0,0,"Belts & Wallets, Caps & Hats, Ethnic Wear",+91 9030777921,Karwan,mym.ultimatecollection1@gmail.com
Mufti Store,0,0,"Garments, Jeans, Pants",+91 9951223383,Himayat Nagar,corals.sanjeev@gmail.com
Kanishk Men's Wear,0,0,"Dress Materials, Ethnic Wear, Garments",+91 9849132392,Abids,jokey.hydebo@yahoo.co.in
Flora Mens Tailors,0,0,"Fashion Designers, Tailors, Tailors & Designers",+91 9949611837,Madinaguda,floramenj@gmail.com
Singer India Ltd,0,0,"Sewing Machine Dealers, Tailors & Designers",+91 9293116374,Mehdipatnam,mehdipatnamshop@singerindia.net
Kanishk Kids Wear,0,0,"Ethnic Wear, Garments, Jeans",+91 9849132392,Abids,Kanishfashion@gmail.com
Neerus Emporio,0,0,"Garments, Ladies Dresses, Sarees & Blouses",+91 40 66756666,Banjara Hills,elite@neerus.com
Kwality Textiles ,0,0,"Garments, Lifestyle Accessories, Suitings & Shirtings",+91 40 66362179,Abids,not mentioned
Pooja Sarees,0,0,"Garments, Sarees & Blouses",+91 9346467643,Abids,poojasareeshyderabad@gmail.com
Vijaya Lakshmi Silk House,0,0,"Garments, Sarees & Blouses",+91 8106361234,Abids,not mentioned
Kurtie Wala,0,0,"Garments, Ladies Dresses",+91 9298804984,Abids,not mentioned
Me n Moms Baby Store,0,0,Baby Store,+91 40 40125554,Kukatpally,babycareenterprises@gmail.com
Priti Sewing Machine Co. & Electronics,0,0,"Sewing Machine Dealers, Tailors & Designers",+91 40 27700679,Secunderabad,psmpradeep@gmail.com
Easwar Enterprises,0,0,"Sewing Machine Dealers, Tailors & Designers",+91 9440496322,Kukatpally,not mentioned
Feminas Collection,5,1,"Ethnic Wear, Garments, Sarees & Blouses",+91 9866312800,Shaikpet,feminascollection@gmail.com
New Born Shoppee,0,0,Baby Store,+91 40 23002997,Gachibowli,newbornshoppee@gmail.com
Kushals Clothing,0,0,"Children Wear, Garments",+91 9849015159,Abids,prashanth_singhvee@yahoo.com
Singer India Ltd,0,0,"Sewing Machine Dealers, Tailors & Designers",+91 9912503648,Secunderabad,rproadshop@singerindia.net
Hi Fashion Mens Wear,0,0,"Innerwear And Loungewear, Jeans, Lifestyle Accessories",+91 40 23746795,Ameerpet,zaverifashion@gmail.com
Milan Kidz,0,0,"Children Wear, Garments",+91 40 66200266,Shaikpet,not mentioned
Nithya Sewing Machine,0,0,"Sewing Machine Dealers, Tailors & Designers",+91 9010824821,Secunderabad,info@nityaindia.com
Raymond Collections,0,0,"Lifestyle Accessories, Ready Made Garments, Suitings & Shirtings",+91 9700849330,Abids,selectioncentre1975@gmail.com
Baybee Shoppee,0,0,Baby Store,+91 9177222280,Kukatpally,baybeeshopque10@gmail.com
Shiva Cloth Emporium,0,0,"Children Wear, Garments, Ladies Dresses",+91 9966161106,Kondapur,not mentioned
Toys N More,0,0,Baby Store,+91 40 64620010,Gachibowli,manish@toysnmore.co.in
TNG Clothing For Men,0,0,"Food Stores, Garments, Jeans",+91 8686477145,Mehdipatnam,not mentioned
Royal Extension,0,0,"Dress Materials, Textiles",+91 9949253815,Abids,not mentioned
Pranay Enterprises,0,0,"Sewing Machine Dealers, Tailors & Designers",+91 40 23070623,Kukatpally,pranayenterprises.kkp@gmail.com
Dayals Enterprises,0,0,"Children Wear, Garments",+91 40 24753157,Abids,dayals.mens@gmail.com
Lee Clothing Store,0,0,"Garments, Ready Made Garments",+91 9059115637,Tirumalgiri,not mentioned
Sri Veerabhadra Enterprises,0,0,"Sewing Machine Dealers, Tailors & Designers",+91 9440326611,Narayanguda,venkat_sve@yahoo.com
Monte Carlo Fashion Limited,0,0,Garments,+91 40 65141943,Jubilee Hills,montecarlojubileehills36@gmail.com
Cotton World,0,0,"Dress Materials, Garments, Textiles",+91 40 23554586,Jubilee Hills,cwc.jubilee@gmail.com
Tommy Hilfiger Shoppe,0,0,"Footwear, Garments, Jeans",+91 40 67491361,Banjara Hills,tommy.gvk@th-india.com
Biba Apparels Private Limited,0,0,"Ethnic Wear, Garments",+91 40 65282818,Jubilee Hills,not mentioned
Suits U Wedding Wear,0,0,"Ethnic Wear, Garments, Ready Made Garments",+91 9948111001,Somajiguda,not mentioned
Arrow Clothing Store,0,0,"Garments, Ready Made Garments, Shirts",+91 8121993983,Banjara Hills,ar_gvkonehyd@arvindbrands.com
Kamal Creation,0,0,"Garments, Ready Made Garments",+91 9849497188,Abids,not mentioned
Woodland Store,0,0,"Footwear, Garments, Jeans",+91 40 40144922,Secunderabad,mgroad_secbad@hotmail.com
Sweety Textiles & Tailoring,0,0,"Boutiques, Matching Centres, Tailoring Materials",+91 9290003023,Himayat Nagar,not mentioned
FBB Fashions,0,0,Garments,+91 40 40068818,Attapur,not mentioned
RJ Corp Limited,0,0,"Footwear, Garments, Lifestyle Accessories",+91 9885086784,Jubilee Hills,not mentioned
Victory De Wear,0,0,"Hosiery Store , Innerwear And Loungewear",+91 9848055375,Somajiguda,not mentioned
Shankeshwar Readymade Garments,0,0,"Garments, Jeans, Pants",+91 9848889881,Himayat Nagar,not mentioned
SSIPL Retail Limited,0,0,"Footwear, Garments, Lifestyle Accessories",+91 40 66622441,Banjara Hills,not mentioned
Get In Mens Wear & Garments,0,0,"Garments, Jeans, Pants",+91 9700379399,Abids,not mentioned
Master Designer,0,0,"Dress Materials, Textiles",+91 40 23200124,Abids,not mentioned
United Colors of Benetten Clothing Store,0,0,"Garments, Jeans, Pants",+91 40 65979798,Jubilee Hills,not mentioned
Awesome Garments,0,0,"Garments, Ladies Dresses",+91 9010598587,Banjara Hills,khb_awesome@hotmail.com
Mahati Clothing Company (Spykar),0,0,"Garments, Jeans, Pants",+91 9885583839,Himayat Nagar,not mentioned
Louis Philippe Clothing Store,0,0,"Garments, Ready Made Garments, Shirts",+91 40 67467824,Banjara Hills,not mentioned
Meena Bazar Womens Wear,0,0,"Ethnic Wear, Garments, Sarees & Blouses",+91 40 24753566,Banjara Hills,meenabazarhyd@yahoo.com
Arvind Store,0,0,"Garments, Jeans, Ready Made Garments",+91 40 67467139,Banjara Hills,uspa_gvkonehyd@arvindbrands.com
Crazy Zone Footwear,0,0,"Belts & Wallets, Caps & Hats, Footwear",+91 8801263959,Abids,not mentioned
S.P. Apparels Limited,0,0,"Garments, Ready Made Garments",+91 40 65559911,Jubilee Hills,not mentioned
Only Western Clothing,0,0,"Garments, Ladies Dresses",+91 40 67459220,Banjara Hills,sonind1387@bestseller.com
Jahanpanah Ethnic Wear,0,0,"Ethnic Wear, Garments, Lifestyle Accessories",+91 7093984807,Banjara Hills,jahanpanahcpl@gmail.com
Kushals (Vardhaman Enterprises),0,0,"Ethnic Wear, Garments",+91 9849015159,Jubilee Hills,prashan_singhvee@yahoo.com
Fashion Hut Clothing Store,0,0,"Belts & Wallets, Garments, Jeans",+91 9030585882,Attapur,not mentioned
Tailorman Clothing,0,0,"Tailors, Tailors & Designers",+91 8880841448,Jubilee Hills,vidya@tailorman.com
Naseers Ladies Tailor & Arcade,0,0,"Tailors, Tailors & Designers",+91 9391411580,Mehdipatnam,not mentioned
Balaji Garments,0,0,"Garments, Jeans, Ready Made Garments",+91 9848457438,Kukatpally,not mentioned
Strawberry Boutique,0,0,Garments,+91 8143484684,Kukatpally,sudhu2mahi@gmail.com
Raymonds Showroom,0,0,"Garments, Pants, Ready Made Garments",+91 7893495666,Banjara Hills,banjara.hyderabad@ebo.raymond.in
Balaji Selections,0,0,"Innerwear And Loungewear, Lifestyle Accessories, Night Wears",+91 9160028538,Banjara Hills,not mentioned
Genesis Luxury Retail Private Limited,0,0,"Garments, Ladies Bags & Purses, Ladies Dresses",+91 7799154730,Banjara Hills,sphyderabad@genesiscolors.net
Mango Apparel & Accessories,0,0,"Belts & Wallets, Caps & Hats, Footwear",+91 7654538143,Banjara Hills,mango.gvk@majorbrands.in
Kaira Pretty Me Womens Wear,0,0,Garments,+91 40 24018357,Attapur,not mentioned
4 Me Brands For Men,0,0,"Garments, Jeans, Ready Made Garments",+91 7093333882,Kukatpally,not mentioned
Biba Apparels Private Limited,0,0,"Children Wear, Garments, Ladies Dresses",+91 9550764750,Banjara Hills,bibagvk@bibaindia.com
Sri Rama Selection Clothing Store,0,0,"Garments, Jeans, Pants",+91 9849793304,Attapur,not mentioned
John Hill Fine Fashion,0,0,"Garments, Jeans, Ready Made Garments",+91 9985786022,Mehdipatnam,ayoob.fine@gmail.com
Global Desi,0,0,"Footwear, Garments, Ladies Bags & Purses",+91 40 67451020,Banjara Hills,customercare@houseofanitadongre.com
Femina Exclusive,0,0,"Dress Materials, Ethnic Wear, Garments",+91 9849073974,Abids,not mentioned
Taruni Clothing Store,0,0,"Ethnic Wear, Garments",+91 40 65262525,Jubilee Hills,not mentioned
Colors Ethnic Wear,0,0,"Ethnic Wear, Garments",+91 9014952221,Abids,not mentioned
Allen Solly Clothing,0,0,"Children Wear, Garments",+91 9603385045,Banjara Hills,mg.hydas4931-ro@madura.adityabirla.com
J.N. Brothers,0,0,Garments,+91 9441514010,Hyderguda,not mentioned
Cotlaas Clothing,0,0,"Garments, Jeans, Ladies Dresses",+91 7731840088,Kukatpally,cotlaasnizampet@gmail.com
Zip Zap Kids Wear,0,0,"Garments, Jeans, Pants",+91 7995713531,Gachibowli,not mentioned
Geeta Saree Centre,0,0,Sarees & Blouses,+91 9347806926,Kukatpally,not mentioned
Wrangler Mens Wear,0,0,"Jeans, Pants, Ready Made Garments",+91 40 42226194,Attapur,not mentioned
Rithika Collections,0,0,"Dress Materials, Textiles",+91 40 40257744,Abids,not mentioned
"Shalimar Mens, Kids Wear & Footwear",0,0,"Baby Store, Children Wear, Garments",+91 9700035560,Toli Chowki,not mentioned
Ishta Sakhi Boutique,0,0,"Garments, Ladies Dresses, Sarees & Blouses",+91 40 23355315,Ameerpet,not mentioned
Al Madinah Textiles,0,0,"Garments, Ladies Dresses",+91 40 42027860,Himayat Nagar,not mentioned
Raymonds Store,0,0,"Lifestyle Accessories, Suitings & Shirtings",+91 9989636464,Mehdipatnam,not mentioned
Denim Showroom,0,0,"Garments, Jeans, Ready Made Garments",+91 9866532775,Mehdipatnam,srinu453@gmail.com
U.S. Polo & Hanes,0,0,"Innerwear And Loungewear, Lifestyle Accessories, Shorts & Cargo",+91 9989674181,Gachibowli,not mentioned
Pepe Jeans Store,0,0,"Garments, Jeans, Ready Made Garments",+91 40 42102083,Chanda Nagar,pepecnd@gmail.com
Shopping Station,0,0,"Garments, Ladies Dresses, Sarees & Blouses",+91 9849160316,Mehdipatnam,not mentioned
House of Fashions,0,0,"Garments, Jeans, Ready Made Garments",+91 9989507648,Shaikpet,adilahsankhan.khanadil@gmail.com
Geetanjali Clothing,0,0,"Dress Materials, Garments, Ladies Dresses",+91 40 24754898,Abids,not mentioned
Peter England,0,0,"Garments, Jeans, Ready Made Garments",+91 40 40176413,Ameerpet,mg-hydpe1428@madura-adityabirla.com
SLH Surana Lace House,0,0,"Garments, Sarees & Blouses",+91 8885005432,Feelkhana,suranalacehouse@gmail.com
Shamili Dresses,0,0,"Dress Materials, Ladies Dresses, Textiles",+91 9676415761,KPHB Colony,not mentioned
Bull Jeans Company,0,0,"Garments, Jeans, Ready Made Garments",+91 40 23513555,Mehdipatnam,bulljeans555@gmail.com
Hi 5 Mens Wear,0,0,"Garments, Jeans, Ready Made Garments",+91 9949666855,Ameerpet,hismenswear.hyd@gmail.com
Ranias Collection of Designer Wear,0,0,"Dress Materials, Ethnic Wear, Garments",+91 9985897786,Toli Chowki,not mentioned
Stitch World,0,0,"Tailors, Tailors & Designers",+91 9395550226,Mehdipatnam,not mentioned
Meenaz Exclusive,0,0,"Garments, Ladies Dresses, Sarees & Blouses",+91 9490747864,Abids,meenaznx@gmail.com
Fab India,0,0,"Ethnic Wear, Jeans, Ladies Dresses",+91 8897609410,Banjara Hills,not mentioned
Prapti Clothing Store,0,0,"Ethnic Wear, Garments",+91 9700242101,Punjagutta,pfpghyd@praptifashons.com
Santo Collection,0,0,"Garments, Jeans, Ready Made Garments",+91 9490509232,Abids,not mentioned
VIGG Boutique,0,0,Garments,+91 40 23317463,Mehdipatnam,not mentioned
New Trends Apparels & Accessories,0,0,"Belts & Wallets, Caps & Hats, Footwear",+91 9951444262,Tirumalgiri,newtrend212@gmail.com
Jai Bhavani Selection Centre,0,0,"Lifestyle Accessories, Suitings & Shirtings, Textiles",+91 9247353404,Bala Nagar,jaibhavaniselection@gmail.com
Manyavar Showroom,0,0,"Ethnic Wear, Garments, Ready Made Garments",+91 9177214987,Banjara Hills,info@manyavar.com
Essence Women's Store,0,0,"Garments, Ladies Dresses, Sarees & Blouses",+91 9849119621,Abids,essencehyderbad@yahoo.com
West Face Men's Wear,0,0,"Ethnic Wear, Garments, Jeans",+91 9441000003,Attapur,westface.mbo@gmail.com
Mosaic Footwear,0,0,"Footwear, Lifestyle Accessories, Sandals & Floaters",+91 9391013297,Mehdipatnam,akhilmasoodkhan@yahoo.in
Timex Showroom,0,0,"Lifestyle Accessories, Wrist Watches",+91 9391007382,Abids,khaleel_a98@yahoo.co.in
Kancheepuram Varamahalakshmi Silks,0,0,"Garments, Handlooms, Jewellery",+91 040 64534567,Kukatpally,//www.kanchivml.com
Tathastu Wedding Collection,5,1,"Dress Materials, Ethnic Wear, Garments",+91 040 65265183,Tirumalgiri,not mentioned
Just For U Kids Wear,0,0,"Children Wear, Garments, Jeans",+91 9248838489,Himayat Nagar,vinodbros7111@gmail.com
Zedds Footwear- Factory Outlet,0,0,"Footwear, Lifestyle Accessories, Sandals & Floaters",+91 9885839969,Toli Chowki,shaik_minhaj09@yahoo.com
Kalamandir Wedding Collection,4,1,"Children Wear, Dress Materials, Ethnic Wear",+91 40 64534567,Kukatpally,not mentioned
Southend Banjara,0,0,"Dress Materials, Garments, Ladies Dresses",+91 9642221837,Banjara Hills,banjara@southend.co.in
Baby Store,3,4,"Children Wear, Garments, Toy Shops",+91 040 40148799,Kukatpally,not mentioned
Shreya Fashions,0,0,"Dress Materials, Garments, Innerwear And Loungewear",+91 9848457003,Kukatpally,srikanthdmk28@gmail.com
Balaji Hosiery Wear,0,0,"Garments, Innerwear And Loungewear, Lifestyle Accessories",+91 9885094394,Basheer Bagh,deepak_xlu@yahoo.com
Trisha Trends Womens Wear,0,0,"Dress Materials, Garments, Ladies Dresses",+91 9100530727,Jubilee Hills,trishatrends@gmail.com
Kusum Emporio Women's Wear,0,0,"Garments, Innerwear And Loungewear, Night Wears",+91 9247467605,Mehdipatnam,kusumdesignerworld@yahoo.com
Swetha Boutique,0,0,"Fashion Designers, Garments, Tailors",+91 9848224642,Manikonda,shwethasbotique@gmail.com
Shakambri & Sons Textiles,5,2,"Ethnic Wear, Garments, Innerwear And Loungewear",+91 9394844444,Abids,shakambri@yahoo.com
The United Bulls Men's Wear,0,0,"Garments, Jeans, Lifestyle Accessories",+91 7661998290,Moosapet,najeeb786036@gmail.com
Pakeeza Aanchal Store,0,0,"Dress Materials, Ethnic Wear, Garments",+91 9908848395,Mehdipatnam,pakeezaanchal@gmail.com
Kusum Elite Kids Wear,0,0,"Children Wear, Garments",+91 9247467605,Abids,kusumdesignerworld@yahoo.com
New Chaudhary Enterprises,0,0,"Dress Materials, Matching Centres, Tailoring Materials",+91 9441458032,Attapur,syedmoizanj@gmail.com
J Dot Men's Wear- The Gentlemen Studio,0,0,"Ethnic Wear, Garments, Ready Made Garments",+91 7093984799,Abids,jdotabids@gmail.com
World Of Titan Showroom,0,0,"Lifestyle Accessories, Wrist Watches",+91 9390635999,Kukatpally,tkph@titan.co.in
Touch & Try Men's Wear,0,0,"Garments, Jeans, Ready Made Garments",+91 7799490110,Langar House,shaikrazzaqajju@gmail.com
Liberty Exclusive Showroom,0,0,"Footwear, Lifestyle Accessories, Sandals & Floaters",+91 9985361609,Bandlaguda,libertysuncity@gmail.com
Sri Venkateshwara Watch & Mobiles,0,0,"Computers, Tablets & Mobiles, Mobile Phones",+91 8686141516,Borabanda,p.prabhkar76.pp@gmail.com
Dress Palace For Kids,0,0,"Children Wear, Garments, Uniforms",+91 9642520007,Chikkadpally,lovely_sam_2000@yahoo.com
M & K Enterprises,0,0,"Dress Materials, Jeans, Night Wears",+91 9949034598,M G Road,mnkenterprises4u@gmail.com
Kothari Trading Company,0,0,"Dress Materials, Ethnic Wear, Garments",+91 9603341159,Secunderabad,fairpriceclothstores@gmail.com
Baby Store,0,0,Baby Store,+91 9666124887,Khairatabad,not mentioned
Varshith Mens Wear,0,0,"Garments, Jeans, Lifestyle Accessories",+91 9948106665,RTC X Roads,bhaskarm96@gmail.com
Rajesh Trading & Co.- Kids Wear,0,0,"Garments, Jeans, Pants",+91 9966179988,M G Road,diliprtc@rediffmail.com
Residents Rich Collection,0,0,"Garments, Jeans, Lifestyle Accessories",+91 8464012812,Chikkadpally,residentsrichcollection@gmail.com
Denim Jeans,3,1,"Garments, Jeans, Ready Made Garments",+91 9849903001,Langar House,srikanth.skinz@gmail.com
R.R. Apparels,0,0,"Jeans, Pants, Ready Made Garments",+91 8008330022,Ramgopalpet,rrapparelshyd@gmail.com
Jagdamba Exclusive Showroom,0,0,"Dress Materials, Garments, Jeans",+91 9000232525,Bandlaguda,jagdambaexclusive@yahoo.com
Jo. For Men's,0,0,"Garments, Jeans, Ready Made Garments",+91 9177555786,R C Puram,tmdkhasim6@gmail.com
Ramesh Watch Company Private Limited,0,0,"Lifestyle Accessories, Wrist Watches",+91 40 40202864,Kukatpally,rwckphb@gmail.com
Miss 'N' Kids Clothing Centre,0,0,"Garments, Jeans, Pants",+91 9848083578,Chanda Nagar,umeshagarwal715@gmail.com
Nikkhaar Beauty Salon & Designer,0,0,"Beauty & Wellness, Beauty Parlours, Tailors",+91 9393556065,Tirumalgiri,not mentioned
Vastra Boutique,0,0,"Ethnic Wear, Garments, Tailors",+91 8341796332,Kukatpally,burravanaja@gmail.com
Style-In Men's Wear,0,0,"Garments, Jeans, Lifestyle Accessories",+91 8121538131,Chikkadpally,nikhilbang1719@gmail.com
Ambara Designer Studio,0,0,"Embroidery Works, Fashion Designers",+91 7702251119,KPHB Colony,ambarastudiokphb@gmail.com
Bata Footwear,0,0,"Footwear, Lifestyle Accessories, Sandals & Floaters",+91 9700303043,Bandlaguda,yousuf.bata@gmail.com
Sri Venkata Sai Selections For Ladies,0,0,"Garments, Night Wears, Pants",+91 9393008319,Kukatpally,brmohan@gmail.com
Tirumala Mobiles & Watches,0,0,"Computers, Tablets & Mobiles, Mobile Phones",+91 9866768212,Borabanda,not mentioned
Double F Apparels,0,0,"Garments, Jeans, Pants",+91 8801871851,Ramgopalpet,doublefsec@gmail.com
Try N Buy Store,0,0,"Garments, Jeans, Lifestyle Accessories",+91 9849406699,KPHB Colony,rayap6699@yahoo.co.in
Mehfil Collection,0,0,"Children Wear, Garments, Jeans",+91 9032933639,Charminar,not mentioned
Geeta Suits,0,0,"Garments, Ladies Dresses",+91 9390071800,Ghansi Bazar,not mentioned
Sri Vastra Sagar Hosiery,0,0,"Innerwear And Loungewear, Lifestyle Accessories, Night Wears",+91 9573600363,Bowenpally,not mentioned
Jashn Sarees,0,0,"Ethnic Wear, Garments, Ladies Dresses",+91 40 42030580,Madhapur,not mentioned
Safa Hosiery,0,0,"Garments, Ladies Dresses, Ready Made Garments",+91 9550009533,Dewan Devdi,not mentioned
Anshul Apparels,0,0,"Garments, Jeans, Lifestyle Accessories",+91 9290970008,Dewan Devdi,not mentioned
K.M. Traders,0,0,"Garments, Ready Made Garments, Shorts & Cargo",+91 9849266928,Dewan Devdi,not mentioned
Amair Hosiery,0,0,"Innerwear And Loungewear, Lifestyle Accessories",+91 9399904012,Dewan Devdi,not mentioned
Rado Watch Store,0,0,"Lifestyle Accessories, Wrist Watches",+91 9989821521,Kukatpally,rado.forum2014@gmail.com
Trendz Collections,0,0,"Garments, Jeans, Pants",+91 9704778800,Dewan Devdi,not mentioned
Sparsh Fashion Invogue,0,0,Tailors & Designers,+91 9704333785,Habsiguda,sangeeta.bharvani@gmail.com
Oasis Center Shopping Mall,0,0,"Garments, Jeans, Ladies Dresses",+91 40 40044293,Punjagutta,not mentioned
Sona Garments & Hosiery,0,0,"Garments, Jeans, Ready Made Garments",+91 9346677927,Mallepally,md_azeem@gmail.com
The Fastrack Store,0,0,"Lifestyle Accessories, Wrist Watches",+91 40 66565698 ,Madhapur,fastracksiblings@gmail.com
Sadguru Textiles,3,1,"Garments, Sarees & Blouses, Suitings & Shirtings",+91 9849013488,Ghansi Bazar,not mentioned
Ahmed Traders,0,0,"Garments, Jeans, Ready Made Garments",+91 9849743732,Dewan Devdi,not mentioned
M.F. Collection,0,0,"Garments, Ladies Dresses",+91 9247986223,Dewan Devdi,not mentioned
Navyug Hosiery & Military Stores,0,0,Uniforms,+91 40 27703751,Regimental Bazar,not mentioned
Balaji Hosiery Xlu,0,0,"Innerwear And Loungewear, Lifestyle Accessories, Real Estate Developers",+91 40 23228084,Basheer Bagh,balajixlu@yahoo.com
Navrang Hosiery & Dresses,0,0,"Innerwear And Loungewear, Lifestyle Accessories, Night Wears",+91 40 23893539,Kukatpally,not mentioned
Veena Sharma Wool & Hosiery Store,0,0,"Lifestyle Accessories, Winter Wear",+91 9866325936,Sainikpuri,smartyritu@gmail.com
Hanuman Agency Jairam Agency,0,0,"Garments, Lifestyle Accessories, Sarees & Blouses",+91 9391309899,Ghansi Bazar,ms_cuteinguy@yahoo.co.in
The Fastrack Store,0,0,"Lifestyle Accessories, Wrist Watches",+91 40 66334485,Begumpet,bluemarine.fastrack@gmail.com
Sona Hosiery Garments,0,0,"Children Wear, Ethnic Wear, Garments",+91 9347210076,Charminar,not mentioned
The Fastrack Store,0,0,"Lifestyle Accessories, Wrist Watches",+91 40 66134446,S R Nagar,bluemarine.fastrack@gmail.com
Subash Textiles,0,0,"Garments, Sarees & Blouses",+91 9848053501,Ghansi Bazar,not mentioned
Goyal Textiles,0,0,Textiles,+91 9246042872,Ghansi Bazar,not mentioned
Chaganlal Anil Kumar,0,0,"Garments, Sarees & Blouses",+91 9246175009,Ghansi Bazar,anilsynthetics1956@gmail.com
Kabra Sales Corporation,0,0,"Lifestyle Accessories, Suitings & Shirtings",+91 9849293076,Ghansi Bazar,not mentioned
Poonam Saree Center,0,0,Textiles,+91 40 24575982,Ghansi Bazar,not mentioned
S.R. Traders,0,0,Textiles,+91 9247874169,Ghansi Bazar,not mentioned
Sri Vinayaka Textiles,0,0,"Dress Materials, Garments, Sarees & Blouses",+91 9849083954,Ghansi Bazar,not mentioned
Jagadamba Fancy Stores,0,0,"Bangles, Lifestyle Accessories",+91 40 24755096,King Koti,jagadambafs.hyd@gmail.com
Fancy Bangles Stores,0,0,"Bangles, Lifestyle Accessories",+91 9948624430,Ameerpet,not mentioned
Veena Fancy Store,0,0,"Bangles, Lifestyle Accessories",+91 40 65121918,King Koti,not mentioned
Swathi Fancy Stores,0,0,"Tailors, Tailors & Designers",+91 40 65765278,King Koti,not mentioned
Sri Krishna Textiles,0,0,"Dress Materials, Lifestyle Accessories, Suitings & Shirtings",+91 9246557910,Ghansi Bazar,not mentioned
New Perfect Watch & Mobiles,0,0,"Computers, Tablets & Mobiles, Mobile Phones",+91 9849268946,RTC X Roads,not mentioned
Dwaraka Boutique,0,0,Garments,+91 9010826125,Kukatpally,dwarakaboutique@gmail.com
Sailu Boutique,0,0,"Garments, Tailors & Designers",+91 9247058359,Miyapur,sailuboutique@gmail.com
Ashok Textiles,0,0,"Garments, Sarees & Blouses",+91 9394519843,Ghansi Bazar,not mentioned
Gini & Jony Kids Clothing Center,0,0,Textiles,+91 40 40070074,Himayat Nagar,himayathnagar.gj@giniandjony.com
Kamal Kishore Ashok Kumar Jain Cloth Merchant,0,0,"Garments, Ladies Dresses, Textiles",+91 9296500224,Ghansi Bazar,not mentioned
Andhra Hosiery,0,0,Textiles,+91 40 23387653,Abids,not mentioned
Vishal Textiles,0,0,Textiles,+91 40 24575948,Ghansi Bazar,not mentioned
Vigneshwara Silks,0,0,"Garments, Handlooms, Sarees & Blouses",+91 9246791355,Ghansi Bazar,not mentioned
Mohan Textorium,0,0,"Garments, Sarees & Blouses, Textiles",+91 9293929312,Ghansi Bazar,not mentioned
Blackberrys Men Clothing Centre,0,0,"Ready Made Garments, Shirts, Trousers",+91 40 69997733,Banjara Hills,blackberrys48hyd@gmail.com
Sujjis Stitch & Designer Wear,0,0,Tailors & Designers,+91 7032803524,Kukatpally,not mentioned
J.G. Fashion & Textiles,0,0,"Garments, Sarees & Blouses",+91 9032015003,Ghansi Bazar,srishyamtextiles@gmail.com
Sri Rama Khadi Bhandar,0,0,Textiles,+91 9393761298,Kondapur,tadikonda_anand@yahoo.co.in
Pochampally Silks & Sarees,0,0,"Garments, Sarees & Blouses",+91 9246583355,Abids,pochampally@gmail.com
Padma Ladies Tailor And Fancy Stores,0,0,"Tailors, Tailors & Designers",+91 9014504649,Santosh Nagar,not mentioned
Meena Bazar Extension,0,0,"Dress Materials, Ethnic Wear, Garments",+91 40 24755164,Abids,not mentioned
Rekha's Designer Collection,0,0,"Embroidery Works, Fashion Designers, Tailors & Designers",+91 9959603149,Tarnaka,rekhasdesignercollection@gmail.com
Fancy Bangle Store,0,0,"Bangles, Lifestyle Accessories",+91 9700220603,Amberpet,not mentioned
Crescent Fancy Stores,0,0,"Bangles, Lifestyle Accessories",+91 40 24654139,Siddiamber Bazar,not mentioned
Fantoosh Cloth Store,0,0,"Children Wear, Garments, Jeans",+91 7893090337,Mehdipatnam,not mentioned
Spykar Mens Wear,0,0,"Jeans, Pants, Shirts",+91 9246109697,Kondapur,kphbspykar@gmail.com
Rupa Fancy & Bangles Stores ,0,0,"Bangles, Lifestyle Accessories",+91 9848642029,Hasthinapuram,not mentioned
Swetha Distributors ,0,0,"Garments, Lifestyle Accessories, Sarees & Blouses",+91 9291467915,Ghansi Bazar,not mentioned
Shiv Shakti Fancy Stores,0,0,"Bangles, Lifestyle Accessories",+91 9849104396,Mallapur,not mentioned
Jyoti Fashions,0,0,"Lifestyle Accessories, Night Wears",+91 40 42305456,Abids,not mentioned
Soft Touch Women Clothing Store,0,0,"Innerwear And Loungewear, Lifestyle Accessories, Night Wears",+91 9246348549,Abids,not mentioned
Apoorva Ladies Tailors And Fancy Stores,0,0,"Bangles, Lifestyle Accessories",+91 9395146889,L B Nagar,not mentioned
Rania's  Collection of Designer Wear,0,0,"Ethnic Wear, Garments, Sarees & Blouses",+91 9985897786,Shaikpet,not mentioned
Kumar Shirts,0,0,"Garments, Jeans, Pants",+91 40 64189512,Mehdipatnam,not mentioned
Sri Sai Bangle And Fancy Store,0,0,"Bangles, Beauty And Cosmetic Products",+91 9885113801,Qutubullapur,not mentioned
Sri Anand Fancy Bangle Store,0,0,"Bangles, Jewellery, Lifestyle Accessories",+91 9032142161,Kavadiguda,not mentioned
Rangoli Fancy Stores,0,0,"Bangles, Lifestyle Accessories",+91 9441082566,Feelkhana,not mentioned
Rithika Collections,0,0,"Garments, Sarees & Blouses",+91 40 40271477,Kondapur,not mentioned
Modani Fancy Stores,0,0,"Bangles, Lifestyle Accessories",+91 9391043990,Dilsukh Nagar,not mentioned
Sri Laxmi Ganesh Textiles,0,0,"Garments, Lifestyle Accessories, Sarees & Blouses",+91 9293651450,Ghansi Bazar,not mentioned
Ramesh Fancy Store,0,0,"Bangles, Lifestyle Accessories",+91 9989153631,Sultan Bazar,not mentioned
Gayatri Fancy Stores,0,0,"Bangles, Lifestyle Accessories",+91 9059415167,Nagole,not mentioned
Avanthi Sarees,0,0,"Garments, Sarees & Blouses",+91 9989179189,Tobacco Bazar,not mentioned
Nikitha Selection,0,0,"Children Wear, Garments, Innerwear And Loungewear",+91 9908173905,Attapur,not mentioned
Sri Karthikeya Mobiles & Watch Center,0,0,"Computers, Tablets & Mobiles, Mobile Phones",+91 9948741956,Lingampally,karthikeyakarthik2016@gmail.com
Sri Laxmi Jyothi Saree Mandir,0,0,"Dress Materials, Garments, Sarees & Blouses",+91 9246218105,Attapur,not mentioned
Brands & Bazaar Clothing Store,0,0,"Children Wear, Garments, Jeans",+91 40 66107782,Ameerpet,brandsbazaar@gmail.com
Sandhya Textiles,0,0,"Garments, Sarees & Blouses",+91 9246888177,Tobacco Bazar,not mentioned
CR Collections,0,0,"Garments, Jeans, Pants",+91 9700537876,Mehdipatnam,not mentioned
Ramraj Cotton,0,0,"Children Wear, Garments, Ladies Dresses",+91 9791609147,Ameerpet,hyd.ameerpet@ramrajcotton.net
Riddhi Siddhi Silk & Sarees,0,0,"Garments, Sarees & Blouses",+91 40 66384870,Tobacco Bazar,not mentioned
M. Shantilal Rathi Cloth Center,0,0,Textiles,+91 9246528741,S D Road,not mentioned
Anjali Collections & Imported Kids Wear,0,0,"Garments, Innerwear And Loungewear, Ladies Bags & Purses",+91 9393707801,Attapur,not mentioned
R.S. Saree Centre,0,0,"Dress Materials, Garments, Sarees & Blouses",+91 9000910326,Attapur,not mentioned
The Time Mobile & Watch Store,0,0,"Computers, Tablets & Mobiles, Mobile Phones",+91 40 23202986,Abids,not mentioned
Ajanta Fashion,0,0,"Dress Materials, Garments, Innerwear And Loungewear",+91 8019803895,Attapur,not mentioned
Mega Mart,0,0,"Children Wear, Garments, Jeans",+91 8106018326,Miyapur,not mentioned
Biba Apparels,0,0,"Garments, Ladies Dresses",+91 40 23033088,Chanda Nagar,careers@bibaindia.com
Rama Textiles,0,0,"Dress Materials, Garments, Ladies Dresses",+91 9966323264,Attapur,not mentioned
Sri Vishal Selections,0,0,"Children Wear, Garments, Jeans",+91 9492856765,Attapur,not mentioned
Kanak Studio Collections,0,0,"Ethnic Wear, Garments",+91 9849847928,Ameerpet,shivanis777@gmail.com
Threadup Mens Cloths & Accessories,0,0,"Garments, Jeans, Pants",+91 9866881143,Attapur,threadup1143@gmail.com
Swadeshi Khadi Vastralaya,0,0,Textiles,+91 40 66665524,Ameerpet,not mentioned
Al-Libas Collection,0,0,"Bangles, Children Wear, Garments",+91 7799233596,Mehdipatnam,allibascollections@gmail.com
Jagadamba Matching Centre ,0,0,"Dress Materials, Garments, Textiles",+91 8121589351,Attapur,not mentioned
Discover Watches & Mobiles,0,0,"Computers, Tablets & Mobiles, Mobile Phones",+91 9948187041,Attapur,discovershopee@gmail.com
Firstcry.Com Baby Store,0,0,"Baby Store, Toy Shops",+91 8142345659,Attapur,not mentioned
Tirupur Cottons,0,0,"Children Wear, Garments, Jeans",+91 9441486503,Attapur,not mentioned
Queens Ladies Tailor,0,0,"Tailors, Tailors & Designers",+91 9700699602,Attapur,not mentioned
Thummas Mens Wear,0,0,"Garments, Jeans, Lifestyle Accessories",+91 7702010201,Attapur,not mentioned
Durga Fashion,0,0,"Garments, Jeans, Ready Made Garments",+91 9704307184,Koti,not mentioned
Ganesh Extension,0,0,"Garments, Sarees & Blouses",+91 9885101063,Tobacco Bazar,not mentioned
A.P. Multi Brands Garment Store,0,0,"Ethnic Wear, Garments, Ready Made Garments",+91 9849262788,Tirumalgiri,anmol.pm@gmail.com
Jayashree Garments,0,0,"Garments, Ladies Dresses, Sarees & Blouses",+91 9866544205,Koti,not mentioned
Hunter Jeans,0,0,"Garments, Jeans, Pants",+91 40 40068215,Attapur,not mentioned
Kunjan Silks,0,0,Garments,+91 9032441582,Tobacco Bazar,not mentioned
Passi & Passi Hoisery,0,0,"Innerwear And Loungewear, Lifestyle Accessories",+91 9348748777,Koti,not mentioned
Standard Leather & Luggage,0,0,Lifestyle Accessories,+91 9949661526,Khairatabad,not mentioned
Sriman Tailors,0,0,Tailors & Designers,+91 9290149414,Himayat Nagar,not mentioned
Bhavani Sarees,0,0,"Garments, Sarees & Blouses",+91 9246111622,Tobacco Bazar,not mentioned
Vasundhara Boutique,0,0,"Garments, Sarees & Blouses",+91 9703444386,S R Nagar,not mentioned
Madames Collection,0,0,"Dress Materials, Ethnic Wear, Garments",+91 40 27812313,M G Road,not mentioned
Ganesh Silks,0,0,"Garments, Sarees & Blouses",+91 9885101063,Tobacco Bazar,not mentioned
Ambica Silk Palace,0,0,"Garments, Sarees & Blouses",+91 9963192727,Tobacco Bazar,sunilwadhwa1962@gmail.com
Jagannath Textiles,0,0,Garments,+91 9949155100,Tobacco Bazar,not mentioned
Monalisa,0,0,"Garments, Innerwear And Loungewear, Ladies Dresses",+91 8125915786,Secunderabad,not mentioned
Rajdeep Hosiery,0,0,"Garments, Jeans, Ready Made Garments",+91 8185939760,Koti,not mentioned
Rithika Suits & Dress Materials,0,0,"Dress Materials, Garments, Innerwear And Loungewear",+91 40 66317744,Park Lane,not mentioned
Raj Sree Fashions,0,0,"Children Wear, Garments, Ladies Dresses",+91 9492371207,Koti,not mentioned
Elegant Collections,0,0,"Children Wear, Garments, Ladies Dresses",+91 9963447899,Borabanda,not mentioned
Namratha Silks,0,0,Garments,+91 9000080894,Tobacco Bazar,not mentioned
Shri Sharda Dresses,0,0,"Garments, Ladies Dresses, Lifestyle Accessories",+91 9393889101,Koti,not mentioned
J.M Enterprises,0,0,"Lifestyle Accessories, Wrist Watches",+91 9849794695,Somajiguda,not mentioned
Prem Fashion,0,0,"Children Wear, Garments",+91 9966898434,Koti,madansingh14320@gmail.com
Zed Blue Ready Made Garmates,0,0,"Garments, Jeans, Pants",+91 9391200176,S D Road,not mentioned
Shree Shankar Trading Company,0,0,"Garments, Ready Made Garments, Shirts",+91 9246579702,Koti,not mentioned
Foot Focus Shoe Store,0,0,"Footwear, Lifestyle Accessories",+91 9989740072,S D Road,not mentioned
Preeti Garments,0,0,"Garments, Jeans, Ready Made Garments",+91 8374453220,Koti,not mentioned
Wrangler Clothing Store,0,0,"Garments, Ready Made Garments",+91 8686964578,Tirumalgiri,not mentioned
Options Leather and Luggage,0,0,"Ladies Bags & Purses, Lifestyle Accessories",+91 40 23733821,Ameerpet,not mentioned
Web Fashion for Girls,0,0,"Garments, Ladies Dresses",+91 9949901188,S D Road,not mentioned
Ala Wave Of Fashions,0,0,"Garments, Sarees & Blouses",+91 9849420945,Himayat Nagar,not mentioned
Rajdhani Collections,0,0,"Garments, Sarees & Blouses",+91 9959068048,Koti,not mentioned
Pepe Jeans Store,0,0,"Garments, Jeans, Ready Made Garments",+91 9989224455,Tirumalgiri,not mentioned
Om Twister Clothing,0,0,"Ethnic Wear, Garments, Jeans",+91 9849160672,S D Road,not mentioned
Rajesh Garments,0,0,"Garments, Ready Made Garments, Trousers",+91 9394533210,Koti,not mentioned
Big Foot,0,0,"Footwear, Lifestyle Accessories",+91 9908333623,S D Road,shaikimran1984@gmail.com
Pooja Fashion,0,0,"Garments, Sarees & Blouses",+91 9000042075,Koti,not mentioned
Dinesh Fashions,0,0,"Lifestyle Accessories, Shorts & Cargo",+91 9618110327,Koti,not mentioned
Danalaxmi Garments,0,0,"Garments, Jeans, Ready Made Garments",+91 9966973808,Koti,not mentioned
Sajni Boutique,0,0,"Dress Materials, Ethnic Wear, Garments",+91 7207865465,Ameerpet,not mentioned
Nike Factory Store,0,0,"Footwear, Garments, Lifestyle Accessories",+91 40 40189689,Ameerpet,not mentioned
Bagawathi Fashion,0,0,"Garments, Jeans, Ready Made Garments",+91 9652562810,Koti,not mentioned
Zeppo Shoe Store,0,0,"Footwear, Lifestyle Accessories",+91 9908302078,S D Road,zepposhoes@gmail.com
The Original Casuals,0,0,"Ethnic Wear, Garments, Jeans",+91 9949901188,S D Road,not mentioned
Rangoli Fashions,0,0,"Garments, Ladies Dresses",+91 9885037606,Koti,not mentioned
Kids Dream Lounge,0,0,Garments,+91 9849024161,Himayat Nagar,sra4590@gmail.com
Bagawathi Fabric Store,0,0,"Garments, Jeans, Ready Made Garments",+91 9912572726,Koti,gganesh3067@gmail.com
Samsonite Luggage Bag Store,0,0,Lifestyle Accessories,+91 40 66774712,Ameerpet,4446@bagzone.in
Bata Footwear,0,0,"Footwear, Lifestyle Accessories, Sandals & Floaters",+91 9948897288,Chanda Nagar,not mentioned
New Wallins Luggage Store,0,0,"Ladies Bags & Purses, Lifestyle Accessories",+91 40 66137486,Ameerpet,not mentioned
Mantra Ready Made Garmates,0,0,"Garments, Jeans, Pants",+91 40 65455000,S D Road,not mentioned
Shoe Xpress,0,0,"Footwear, Lifestyle Accessories",+91 40 66490607,S D Road,not mentioned
Sri Sai Ram Creations,0,0,"Lifestyle Accessories, Sports Wear",+91 9849125990,Koti,srisairamcreations2003@gmail.com
Remake Clothing Store,0,0,"Garments, Ready Made Garments",+91 9949913128,Chanda Nagar,not mentioned
Mann Casuals,0,0,"Garments, Jeans, Ready Made Garments",+91 40 66754888,Koti,not mentioned
Reload Fashion World,0,0,"Garments, Jeans, Ready Made Garments",+91 8125373182,S D Road,not mentioned
Solis Garments,0,0,"Ethnic Wear, Garments, Jeans",+91 9989069786,S D Road,not mentioned
Satguru Reebok Showroom,0,0,"Footwear, Lifestyle Accessories",+91 9348484808,Park Lane,satguru.reebok@gmail.com
Dressing Sense,0,0,"Garments, Jeans, Pants",+91 40 66171323,S D Road,dressingsense2000@gmail.com
Orchids Boutique,0,0,"Garments, Jeans, Ready Made Garments",+91 9848976793,S D Road,not mentioned
Om Sai Jeans Junction,0,0,"Garments, Jeans, Pants",+91 40 66148979,S D Road,not mentioned
Sree Radha Krishna Matching Centre,0,0,"Matching Centres, Textiles",+91 40 66103307,Koti,not mentioned
Ambajis Gents Exclusive Shop,0,0,"Lifestyle Accessories, Suitings & Shirtings",+91 40 65973665,Koti,not mentioned
Waves Flows with Fashion,0,0,"Ethnic Wear, Garments, Jeans",+91 8977876579,S D Road,not mentioned
Raj Collection,0,0,"Children Wear, Garments",+91 9440371959,Koti,not mentioned
B More Clothing Store,0,0,Garments,+91 40 23032403,Chanda Nagar,bmoregarments@yahoo.com
Om Sai Apparels,0,0,"Dress Materials, Textiles",+91 9246533878,Koti,not mentioned
Prem Hosiery,0,0,"Garments, Ready Made Garments, T-Shirts",+91 9502623830,Koti,not mentioned
Tushar Bros Clothing Store,0,0,"Children Wear, Ethnic Wear, Garments",+91 8019393641,Chanda Nagar,tushar.friendz4u@gmail.com
Dirty Mens Wear,0,0,"Ethnic Wear, Garments, Jeans",+91 8801099410,S D Road,not mentioned
Fashion Lookz,0,0,"Ethnic Wear, Garments, Jeans",+91 9246886939,S D Road,not mentioned
Shringaar Emporium,0,0,Garments,+91 9866530044,Yousufguda,aramadevi44@gmail.com
Peter England Clothing Store,0,0,"Garments, Ready Made Garments",+91 40 27846876,Park Lane,not mentioned
My Choice Kids Wear,0,0,Garments,+91 9849989443,M G Road,not mentioned
Roman Island,0,0,"Garments, Jeans, Ready Made Garments",+91 9908839961,Jeedimetla,nsk6220@gmail.com
Solid Clothing Store,0,0,Garments,+91 9505460231,S D Road,not mentioned
Fancy Heritage Women Clothing Store,0,0,"Dress Materials, Garments, Textiles",+91 9849164362,Banjara Hills,not mentioned
Splash Mens Wear,0,0,"Garments, Jeans, Pants",+91 9908305274,S D Road,not mentioned
Occasion Clothing Store,0,0,"Ethnic Wear, Garments",+91 40 66484069,S D Road,not mentioned
The Tycoon Mens Clothing Store,0,0,"Ethnic Wear, Garments, Jeans",+91 40 66381746,S D Road,not mentioned
Arrow Clothing Store,0,0,"Garments, Ready Made Garments, Shirts",+91 9849701015,Park Lane,not mentioned
Royal Denims,0,0,"Garments, Jeans, Ready Made Garments",+91 8522007748,Suchitra Cross Road,not mentioned
The Arvind Men Clothing Store,0,0,"Garments, Ready Made Garments, Textiles",+91 40 66510044,Park Lane,arvind.parklane@gmail.com
Aman Traders,0,0,"Garments, Ready Made Garments, Shirts",+91 40 66753888,Koti,not mentioned
Rishamita 9 Women Clothing Store,0,0,"Garments, Textiles",+91 9246878797,Ameerpet,rishamita9@gmail.com
Sri Sai Hosiery,0,0,"Innerwear And Loungewear, Lifestyle Accessories",+91 9989760222,Suchitra Cross Road,not mentioned
Devi Garments,0,0,"Garments, Ready Made Garments, Shirts",+91 9849410873,Koti,not mentioned
Twills Mens Clothing Store,0,0,"Garments, Jeans, Pants",+91 40 66460666,S D Road,not mentioned
Om Sai Ram Garments,0,0,"Garments, Jeans, Ready Made Garments",+91 9391089090,Koti,giriomsairam@yahoo.com
HSC Shopping Mart,0,0,"Ethnic Wear, Garments, Jeans",+91 9246225122,S D Road,not mentioned
S.L Cotton Jeans,0,0,"Garments, Jeans, Ready Made Garments",+91 9849410873,Koti,not mentioned
Mid West Store,0,0,"Ethnic Wear, Garments, Jeans",+91 9989295371,S D Road,not mentioned
Sri Akshaya Designers,0,0,Garments,+91 9885578993,Narayanguda,ramesh-shali143@yahoo.com
Van Heusen Clothing Store,0,0,"Garments, Ready Made Garments",+91 40 27812423,Park Lane,not mentioned
A To Z Leather & Luggage,0,0,"Ladies Bags & Purses, Lifestyle Accessories",+91 9849290554,Secunderabad,not mentioned
Cheap Jack Dress Store,0,0,Garments,+91 9848092223,M G Road,not mentioned
Smile Mens Wear,0,0,"Garments, Jeans, Pants",+91 9885670329,S D Road,not mentioned
Shree Saree Mandir,0,0,"Garments, Sarees & Blouses",+91 9533028222,General Bazar,not mentioned
Slots Mens Wear,0,0,"Ethnic Wear, Garments, Jeans",+91 8897294861,S D Road,not mentioned
Youth Culture Clothing Store,0,0,"Garments, Jeans, Pants",+91 9581344457,Tirumalgiri,not mentioned
Kanhaiyalal Anil Kumar Khanna,0,0,"Garments, Sarees & Blouses",+91 9849330324,General Bazar,not mentioned
Akshaya Retail Clothing Store,0,0,"Garments, Innerwear And Loungewear, Ready Made Garments",+91 40 40068368,Karkhana,not mentioned
Madisto Fashion Creations,0,0,"Ethnic Wear, Garments, Jeans",+91 9959992133,S D Road,not mentioned
Sree Vivah,0,0,"Ethnic Wear, Garments, Jeans",+91 9133215160,S D Road,not mentioned
Cute Collections Luggage Store,0,0,"Ladies Bags & Purses, Lifestyle Accessories",+91 9908027537,Park Lane,cutecollectionsbags@gmail.com
Fashion - 9 Mens Clothing Store,0,0,"Garments, Jeans, Ready Made Garments",+91 9676792121,S D Road,not mentioned
Vasavi Silk House,0,0,"Garments, Sarees & Blouses",+91 40 27812125,General Bazar,not mentioned
He & She Clothing Store,0,0,Garments,+91 40 40888041,M G Road,not mentioned
Image Mens Wear & Accessories,0,0,"Ethnic Wear, Garments, Jeans",+91 9154422428,S D Road,not mentioned
Style World ,0,0,"Ethnic Wear, Garments, Jeans",+91 9700122800,S D Road,not mentioned
White House Clothing Store,5,1,Garments,+91 9866797090,Karkhana,whitehouseapparels@gmail.com
Proddaturi silks,0,0,"Garments, Sarees & Blouses",+91 40 64555500,General Bazar,not mentioned
Stronger Fashion,0,0,"Ethnic Wear, Garments, Jeans",+91 9505659457,S D Road,not mentioned
Unistyle Corporation Clothing Store,0,0,Garments,+91 9989142362,Park Lane,f6.parklane@gmail.com
Cadix Fashion,0,0,"Ethnic Wear, Garments, Jeans",+91 9391033374,S D Road,not mentioned
Raj Collections Clothing Store,0,0,Garments,+91 40 27742967,Karkhana,twillskarkhana@gmail.com
Reebok Exclusive Store,0,0,"Garments, Lifestyle Accessories, Ready Made Garments",+91 40 66181803,Toli Chowki,not mentioned
Me. Trendz Men's Wear,0,0,"Garments, Jeans, Ready Made Garments",+91 9866342643,Jeedimetla,srishivasai2013@gmail.com
Baby Smart Store,0,0,Baby Store,+91 40 40056919,Madinaguda,not mentioned
Poison Earth Fashion,0,0,"Ethnic Wear, Garments, Jeans",+91 40 40246053,S D Road,not mentioned
Sri Sai Vijaya Laxmi Silks,0,0,"Garments, Sarees & Blouses",+91 9700006633,General Bazar,vinaytelukunta@gmail.com
Fashion ResQ ,0,0,"Garments, Jeans, Ready Made Garments",+91 8978659325,S D Road,not mentioned
Poshak Designer,0,0,"Children Wear, Garments, Ladies Dresses",+91 9392303254,Abids,not mentioned
Shoppers Den Clothing Store,0,0,"Garments, Jeans, Pants",+91 40 66317888,S D Road,not mentioned
New Jeans World,0,0,"Garments, Jeans, Ready Made Garments",+91 9346676587,S D Road,not mentioned
Stop N See,0,0,"Ethnic Wear, Garments, Jeans",+91 9959570006,S D Road,not mentioned
Meera Bangle Stores,0,0,"Bangles, Beauty And Cosmetic Products",+91 9985396667,Subash Road,not mentioned
Just For Kids,0,0,Baby Store,+91 9032756043,Madinaguda,thakurmaansingh1993@gmail.com
M.A. Mannan Matching Textiles,0,0,Textiles,+91 9885212505,Subash Road,not mentioned
Jetro Footwear & Luggage Store,0,0,"Footwear, Ladies Bags & Purses, Lifestyle Accessories",+91 9246261694,Kukatpally,aavirani.1312@gmail.com
Firstcry.com Baby Store,0,0,Baby Store,+91 9908308408,Shaikpet,not mentioned
Firstcry.com Baby Store,0,0,Baby Store,+91 40 40180680,Madinaguda,hyderabad.miyapur@firstcry.com
Prabhu Ribbon Store,0,0,"Innerwear And Loungewear, Lifestyle Accessories",+91 40 27712971,Subash Road,not mentioned
Jolly Foot Wear,0,0,"Footwear, Lifestyle Accessories",+91 8498044240,Subash Road,not mentioned
Style Slack,0,0,"Garments, Jeans, Pants",+91 40 66741818,S D Road,not mentioned
Sri Lakshmi Textiles,0,0,"Dress Materials, Textiles",+91 9642080316,Kukatpally,not mentioned
Chocolate Boyz,0,0,"Garments, Jeans, Pants",+91 8008607256,S D Road,not mentioned
Cobra Shoes,0,0,"Footwear, Lifestyle Accessories",+91 40 64520588,S D Road,not mentioned
A1 Footwear,0,0,"Footwear, Lifestyle Accessories",+91 9885720036,Subash Road,not mentioned
Crazy Zone,0,0,"Garments, Jeans, Pants",+91 8179638489,S D Road,not mentioned
Simran Foot Wear,0,0,"Footwear, Lifestyle Accessories",+91 9885720036,Subash Road,not mentioned
Soubhagya Bangle Store,0,0,"Bangles, Beauty And Cosmetic Products",+91 8374567221 ,Subash Road,not mentioned
N.B. Mahenderkar & Company,0,0,"Sewing Machine Dealers, Tailors & Designers",+91 9700006649,Subash Road,nbmsec@rediffmail.com
Style Mania,0,0,"Garments, Pants, Ready Made Garments",+91 9550726882,S D Road,not mentioned
Global Fashions,0,0,"Garments, Jeans, Pants",+91 9959570006,S D Road,not mentioned
Desire for Guys,0,0,"Ethnic Wear, Footwear, Garments",+91 9848838472,S D Road,not mentioned
Quefa The Designer Boutique,0,0,Tailors & Designers,+91 9246626300,Abids,quefadesigner@gmail.com
South India Shopping Mall,0,0,Garments,+91 40 23281629,Gachibowli,not mentioned
Manyavar Clothing Store,0,0,"Ethnic Wear, Garments, Ready Made Garments",+91 8686489633,Himayat Nagar,meenakshiretails.manyavar@gmail.com
Lucky Tailors,0,0,"Embroidery Works, Tailors, Tailors & Designers",+91 9346433595,Attapur,not mentioned
P. Balaji Collections,0,0,Garments,+91 40 24003474,Attapur,dhanrajc5@gmail.com
Libaaz Womens Wear,0,0,"Dress Materials, Garments, Sarees & Blouses",+91 9949967854,Mehdipatnam,not mentioned
RJ Corporation Limited,0,0,"Footwear, Lifestyle Accessories, Shoes",+91 7097962475,Banjara Hills,nike.gvkmallhyd@dil.rjcorp.com
TCNS Clothing Company Private Limited,0,0,"Garments, Ladies Dresses",+91 40 40209676,Banjara Hills,w133.hyderabad@gmail.com
Sri Sai Clothing Store,0,0,"Ethnic Wear, Garments, Ready Made Garments",+91 9848930589,Abids,not mentioned
Latha Selection Garments,0,0,Garments,+91 9441090114,Attapur,not mentioned
J Dot The Gentlemen Studio Clothing Store,0,0,"Garments, Jeans, Pants",+91 7093984799,Abids,jdotabids@gmail.com
Kaira Womens Wear,0,0,"Ethnic Wear, Garments",+91 40 40179222,Miyapur,k.miyapur@gmail.com
Sri Balaji Foot Wear,0,0,"Footwear, Lifestyle Accessories, Sandals & Floaters",+91 9542097273,Miyapur,not mentioned
Choudhary Cotton & Lenin Textiles,0,0,"Dress Materials, Garments, Ready Made Garments",+91 9246298268,Ameerpet,not mentioned
Zodiac Store,0,0,"Lifestyle Accessories, Suitings & Shirtings",+91 9246330084,Banjara Hills,ops.retail@Zodiacmtc.com
Shakambari Associates,0,0,"Innerwear And Loungewear, Lifestyle Accessories, Night Wears",+91 9391137826,Abids,naveenkmb@gmail.com
Tanishq Fabrics,0,0,"Lifestyle Accessories, Suitings & Shirtings",+91 40 23068555,Kukatpally,tanishqfab@gmail.com
Goodwill Enterprises,0,0,"Footwear, Garments, Ladies Bags & Purses",+91 9573656509,Banjara Hills,goodwillgvk@goodwillgroups.org
BMI Private Limited,0,0,"Garments, Ready Made Garments, Shirts",+91 8125902857,Banjara Hills,fcuk.fss.gvk@bmindia.com
V2 Boutique,0,0,"Tailors, Tailors & Designers",+91 8886002134,Attapur,not mentioned
MD Raos Men's Wear,0,0,"Garments, Jeans, Pants",+91 9849514574,Narayanguda,not mentioned
Mr. Boss Clothing Store,0,0,"Ethnic Wear, Garments, Ready Made Garments",+91 40 66778677,Abids,not mentioned
Mohit Fabs Suiting and Shirting,0,0,"Lifestyle Accessories, Suitings & Shirtings",+91 9989907788,Narayanguda,not mentioned
Nisa Ethnic Store,0,0,"Ethnic Wear, Garments, Innerwear And Loungewear",+91 9985048786,Abids,not mentioned
A-1 Handloom,0,0,"Garments, Handlooms",+91 8977191179,Charminar,not mentioned
Rani Designer Boutique,0,0,"Dress Materials, Garments, Sarees & Blouses",+91 8008235119,Mehdipatnam,not mentioned
Sri Fashions The Boutique,0,0,"Garments, Sarees & Blouses, Tailors",+91 9490944703,Mehdipatnam,not mentioned
Liberty Exclusive Footwear,0,0,"Footwear, Lifestyle Accessories, Sandals & Floaters",+91 8712377000,Abids,not mentioned
Steps Footwear,0,0,"Footwear, Lifestyle Accessories, Sandals & Floaters",+91 40 66849151,Mehdipatnam,not mentioned
Khalsa Fashion Guys Clothing Store,0,0,"Garments, Ready Made Garments",+91 9912705113,Attapur,not mentioned
Vastra Trendz Clothing Store,0,0,"Garments, Innerwear And Loungewear, Lifestyle Accessories",+91 9700008333,Kukatpally,not mentioned
The Denim Store,0,0,"Garments, Jeans, Ready Made Garments",+91 40 66661727,Abids,not mentioned
Laxmi Stitch Works,0,0,"Tailors, Tailors & Designers",+91 9290670703,Attapur,not mentioned
He's Collection,0,0,"Garments, Jeans, Pants",+91 40 23069998,Kukatpally,hescollection@gmail.com
Pratham Fashions,0,0,"Children Wear, Garments, Lifestyle Accessories",+91 40 42038882,Kukatpally,gorani.raj@gmail.com
Jeans Corner,0,0,"Garments, Jeans, Pants",+91 40 23514499,Mehdipatnam,not mentioned
Linen Club Suiting and Shirting,0,0,"Lifestyle Accessories, Suitings & Shirtings",+91 9290739396,Banjara Hills,not mentioned
Bigshot World Suiting and Shirting,0,0,"Lifestyle Accessories, Suitings & Shirtings",+91 9440051970,Abids,not mentioned
R.S. Brothers,0,0,Garments,+91 8019199000,Mehdipatnam,not mentioned
White House Clothing Store,0,0,"Garments, Ready Made Garments",+91 40 40177021,Chanda Nagar,whitehouseapparels@gmail.com
S R Fashion Ladies ,0,0,"Tailors, Tailors & Designers",+91 9133779656,Attapur,not mentioned
Ganga Creation Boutique,0,0,Garments,+91 8008666199,Kukatpally,gangacreation@gmail.com
Apco Sales Emporium,0,0,"Garments, Handlooms",+91 9290432526,Kukatpally,not mentioned
New Fashion Shoes,0,0,"Footwear, Lifestyle Accessories, Sandals & Floaters",+91 9030814786,Mehdipatnam,not mentioned
Fabindia Garments,0,0,"Garments, Ready Made Garments, Shirts",+91 8897609410,Film Nagar,not mentioned
Modern Watches & Mobiles,0,0,"Computers, Tablets & Mobiles, Mobile Phones",+91 8801121195,Masab Tank,not mentioned
Hanaans Womens Wear,0,0,"Ethnic Wear, Garments, Innerwear And Loungewear",+91 9676721810,Mehdipatnam,not mentioned
Krishna Textiles,0,0,"Dress Materials, Garments, Sarees & Blouses",+91 9030455111,Bala Nagar,not mentioned
The Brand Outlet,0,0,"Garments, Jeans, Ready Made Garments",+91 40 66669727,Abids,not mentioned
Shawas Boutique,0,0,"Dress Materials, Fashion Designers, Tailors",+91 9949967942,Mehdipatnam,not mentioned
Vijetha Fashion Club,0,0,"Innerwear And Loungewear, Lifestyle Accessories, Night Wears",+91 40 40275097,Tirumalgiri,not mentioned
Rithika Collections,0,0,"Garments, Ladies Dresses, Sarees & Blouses",+91 40 40137744,Ameerpet,not mentioned
Inc-5 Shoes Private Limited,0,0,"Footwear, Lifestyle Accessories, Sandals & Floaters",+91 9989631086,Banjara Hills,bhinc@inc5shoes.com
Sreenath Garments,0,0,"Children Wear, Garments, Jeans",+91 9849505106,R C Puram,not mentioned
Cost Cutterz Mens & Kids Wear,0,0,"Garments, Jeans, Ready Made Garments",+91 9391715245,Mehdipatnam,not mentioned
Jockey Store,0,0,"Innerwear And Loungewear, Lifestyle Accessories",+91 40 23404474,Ameerpet,jockey.h25@pageind.com
Kaira Womens Cloth Center,0,0,"Garments, Ladies Dresses",+91 40 23000953,Gachibowli,kairamfpl1@gmail.com
Cost 2 Cost Brands,0,0,"Garments, Ready Made Garments",+91 9989152720,Attapur,info@brandscost2cost.com
Blackberrys Cloth Store,0,0,"Garments, Ready Made Garments, Shirts",+91 8106137089,Kukatpally,bbsmanjeerahyd@gmail.com
HE,0,0,"Garments, Ready Made Garments",+91 9704400222,Kukatpally,not mentioned
Ravi Clothing Distributors,0,0,"Lifestyle Accessories, Suitings & Shirtings, Textiles",+91 9848219746,Narayanguda,not mentioned
Fashion Planet,0,0,"Garments, Jeans, Ready Made Garments",+91 9292422515,Abids,not mentioned
Instincts Clothing,0,0,"Garments, Jeans, Ready Made Garments",+91 9394551122,Himayat Nagar,not mentioned
Mahesh Garments,0,0,Uniforms,+91 9440774900,Mehdipatnam,not mentioned
Balikaa Fashions,0,0,Garments,+91 9542521199,Abids,not mentioned
New Fashion Way,0,0,Garments,+91 9394818725,Punjagutta,newfashoinway2012@gmail.com
JaJu Clothing Store,0,0,"Garments, Ladies Dresses, Sarees & Blouses",+91 40 66207650,Subash Road,not mentioned
Swap & Wear Textiles,0,0,"Tailors, Tailors & Designers, Textiles",+91 9396601882,Punjagutta,not mentioned
Madhu Silk Heritage,0,0,"Dress Materials, Garments, Sarees & Blouses",+91 9966277840,Banjara Hills,madhusilkheritage@gmail.com
Laven Fashions,0,0,"Garments, Jeans, Ladies Dresses",+91 40 26429060,Jubilee Hills,jubilee@lavenfashionsgmail.com
Real Foot Wear,0,0,"Footwear, Lifestyle Accessories",+91 9052089986,Nanal Nagar,not mentioned
Bebos Wedding Mall,0,0,"Garments, Ladies Dresses, Ready Made Garments",+91 9959991653,Abids,bebosfashion@yahoo.com
White House Clothing Store,0,0,"Garments, Jeans, Ready Made Garments",+91 8522802294,Gachibowli,not mentioned
Dayals Silks & Sarees,0,0,"Garments, Ladies Dresses, Sarees & Blouses",+91 40 23558787,Jubilee Hills,dayalsilks@yahoo.in
Arvind Store,0,0,"Garments, Jeans, Ready Made Garments",+91 40 66418883,Ameerpet,not mentioned
Delhi Khadi Club Clothing Store,0,0,"Dress Materials, Textiles",+91 40 66755114,Hyderguda,not mentioned
Saaransh Fashion Defined Clothing Store,0,0,"Dress Materials, Textiles",+91 40 66828202,Basheer Bagh,not mentioned
Seasons Kids Wear,0,0,"Children Wear, Garments",+91 9533892947,Shaikpet,not mentioned
Kamleshwar Khatau Voiles Clothing Store,0,0,"Garments, Matching Centres, Sarees & Blouses",+91 9849222622,Basheer Bagh,not mentioned
Meena Bazar Extension,0,0,"Dress Materials, Garments, Sarees & Blouses",+91 40 23243357,Basheer Bagh,not mentioned
Radhika Selection Clothing Store,0,0,"Garments, Innerwear And Loungewear, Ladies Dresses",+91 9493974376,Manikonda,not mentioned
Grace Collections Clothing Store,0,0,"Dress Materials, Tailors, Tailors & Designers",+91 9246217441,Hyderguda,not mentioned
India Foot Wear,0,0,"Footwear, Lifestyle Accessories, Sandals & Floaters",+91 8885311142,Manikonda,not mentioned
Parampara Sarees Store,0,0,"Ethnic Wear, Garments, Sarees & Blouses",+91 9951781034,Basheer Bagh,not mentioned
Sree Parna Custom Design Boutique,0,0,"Dress Materials, Garments, Ladies Dresses",+91 9618017626,Shaikpet,not mentioned
Deepti Garments,0,0,"Garments, Matching Centres, Ready Made Garments",+91 40 23070150,Chintal,deeptigarments@gmail.com
Ritz Clothing Store,0,0,"Dress Materials, Lifestyle Accessories, Suitings & Shirtings",+91 9848665246,Basheer Bagh,not mentioned
Venkateshwara Khadi Bhandar Clothing Store,0,0,"Dress Materials, Textiles",+91 9885740991,Hyderguda,not mentioned
Sri Mahalakshmi Boutique,0,0,"Fashion Designers, Tailors & Designers",+91 9063545622,Manikonda,not mentioned
Lakshmi Apparels Store,0,0,"Garments, Innerwear And Loungewear, Lifestyle Accessories",+91 9885706077,Shaikpet,not mentioned
Vijay Foot Wear,0,0,"Footwear, Lifestyle Accessories, Sandals & Floaters",+91 9177099016,Manikonda,not mentioned
Surbhi Womens Wear,0,0,"Garments, Sarees & Blouses",+91 40 23227748,Hyderguda,not mentioned
Ria Collection Clothing Store,0,0,"Garments, Innerwear And Loungewear, Ladies Dresses",+91 7729046444,Manikonda,not mentioned
Aadityas Innerwear Store,0,0,"Innerwear And Loungewear, Lifestyle Accessories",+91 9848959751,Manikonda,not mentioned
Ruchees Clothing,0,0,"Dress Materials, Garments, Ladies Dresses",+91 9703803737,Hyderguda,not mentioned
Ramesh Chandra & Company Clothing Store,0,0,"Garments, Ladies Dresses, Sarees & Blouses",+91 40 27813651,General Bazar,not mentioned
4 ME Mens Wear,0,0,"Garments, Innerwear And Loungewear, Jeans",+91 40 65603444,Shaikpet,not mentioned
Kaladarshini Womens Wear,0,0,"Dress Materials, Garments, Sarees & Blouses",+91 40 66613777,Hyderguda,not mentioned
Poshaak Clothing Store,0,0,"Dress Materials, Garments, Ready Made Garments",+91 40 23233603,Basheer Bagh,poshaak9@gmail.com
Annapurna Collection Womens Wear,0,0,"Bangles, Garments, Ladies Dresses",+91 8008229317,Chintal,sridhardakkara@gmail.com
Meenakshi Womens Wear,0,0,Garments,+91 9030769999,Banjara Hills,not mentioned
9X Store Shopping Mall,0,0,"Garments, Jeans, Pants",+91 40 24051115,Kukatpally,not mentioned
U.S. POLO ASSN.,0,0,"Garments, Jeans, Pants",+91 7799925039,Karkhana,not mentioned
Lekhraj Corporation Cotton World,0,0,"Garments, Ladies Dresses, Ready Made Garments",+91 40 27842482,Paradise,not mentioned
Fashion World Clothing Store,0,0,Garments,+91 9010300800,Paradise,not mentioned
Sri Krishna Saree Collections,0,0,"Garments, Sarees & Blouses",+91 9550658309,Khairatabad,not mentioned
MS Attire For U & I Clothing Store,0,0,"Garments, Innerwear And Loungewear, Lifestyle Accessories",+91 9849346723,Punjagutta,msattire09@gmail.com
Kaira Womens Wear,0,0,"Garments, Ladies Dresses",+91 40 23757353,Ameerpet,kairabranch6@gmail.com
F6 Fashion Store,0,0,"Garments, Jeans, Pants",+91 40 66176028,Secunderabad,not mentioned
Denim Store,0,0,"Garments, Jeans, Ready Made Garments",+91 7893942562,S R Nagar,not mentioned
Garden Vareli Studio Saree Store,0,0,"Garments, Sarees & Blouses",+91 9885104567,Banjara Hills,not mentioned
Almas Collection Womens Wear,0,0,Garments,+91 9397681756,Attapur,not mentioned
Liberty Shoes Limited,0,0,"Footwear, Lifestyle Accessories, Sandals & Floaters",+91 9603613955,Karkhana,not mentioned
Sadaf Boys & Mens Wear,0,0,"Garments, Ready Made Garments",+91 40 23032106,Chanda Nagar,not mentioned
Ruosh Shoe Store,0,0,"Footwear, Lifestyle Accessories, Shoes",+91 40 40065245,Banjara Hills,not mentioned
Sri Smart Collection Clothing Store,0,0,Garments,+91 9248077699,Kukatpally,not mentioned
Zodiac Mens Wear,0,0,"Garments, Jeans, Pants",+91 40 65888573,Banjara Hills,not mentioned
Siddi Life Style Clothing Store,0,0,Garments,+91 9703084048,Moosapet,not mentioned
Sri Balaji Collections Clothing Store,0,0,Garments,+91 9014251040,Chanda Nagar,not mentioned
City Lifestyles Private Limited,0,0,Garments,+91 9951961254,Kukatpally,not mentioned
Madhu Emporium Womens Wear,0,0,Garments,+91 9849268102,Khairatabad,not mentioned
Arham Enterprises,0,0,"Garments, Ladies Dresses",+91 7036073475,Himayat Nagar,not mentioned
Sareeniketan Womens Wear,0,0,"Garments, Sarees & Blouses",+91 40 40044401,Kukatpally,not mentioned
Metro Garments,0,0,Garments,+91 9948738871,Khairatabad,not mentioned
My Shoppee Clothing Store,0,0,"Garments, Ready Made Garments",+91 9701801999,Chanda Nagar,not mentioned
Moins Clothing,0,0,"Garments, Suits And Blazers",+91 40 23312108,Abids,not mentioned
Raymond Store,0,0,"Garments, Jeans, Ready Made Garments",+91 40 66736581,Madhapur,not mentioned
Swagat Hosiery,0,0,"Innerwear And Loungewear, Lifestyle Accessories",+91 40 42222121,S D Road,not mentioned
Hush Puppies Footwear,0,0,"Footwear, Lifestyle Accessories, Sandals & Floaters",+91 40 40207124,Madhapur,inorbithyd@hush.com
Senora Fashions,0,0,"Garments, Sarees & Blouses",+91 8143449383,Abids,not mentioned
Aarya Exclusive Kids,0,0,"Children Wear, Garments",+91 40 66142425,Banjara Hills,not mentioned
Sri Mungalal Silk & Sarees,0,0,"Garments, Sarees & Blouses",+91 9949223434,Abids,mungalalsaree@gmail.com
Sandeep J.K Suit & Sarees,0,0,"Garments, Sarees & Blouses",+91 8978912611,Abids,not mentioned
Zodiac Mens Wear,0,0,"Garments, Jeans, Pants",+91 9246330084,Himayat Nagar,not mentioned
FBB Fahions,0,0,"Garments, Ladies Dresses",+91 40 40201792,Banjara Hills,not mentioned
Sapthagiri Men's Exclusive,0,0,"Garments, Jeans, Pants",+91 40 42204648,Himayat Nagar,not mentioned
Excello Men's Tailor,0,0,"Tailors, Tailors & Designers",+91 9989924960,S D Road,not mentioned
Urban Touch Mens Wear,0,0,"Garments, Jeans, Pants",+91 8801302324,Himayat Nagar,online@urbantouch.in
Shradha Creations,0,0,Garments,+91 9885574571,Abids,shradhasarovar@gmail.com
Adhunik Sarees,0,0,"Garments, Sarees & Blouses",+91 9247790433,Abids,not mentioned
JR Sarees,0,0,"Garments, Sarees & Blouses",+91 9949909990,Abids,rameshjikala@yahoo.co.in
Reflections Annexe Clothing,0,0,"Lifestyle Accessories, Suitings & Shirtings",+91 9550990909,Abids,not mentioned
Damilano Accessories,0,0,"Ladies Bags & Purses, Lifestyle Accessories",+91 40 42215429,Madhapur,not mentioned
Jockey Store,0,0,"Innerwear And Loungewear, Lifestyle Accessories",+91 9618937674,Himayat Nagar,not mentioned
Kamakshi Silk House,0,0,"Garments, Sarees & Blouses",+91 9849018144,Abids,not mentioned
Manish Creations Clothing Store,0,0,"Ethnic Wear, Garments",+91 9885022800,Himayat Nagar,not mentioned
Peter England Fashion,0,0,"Garments, Jeans, Ready Made Garments",+91 9912417960,Karkhana,pe.karkhana@gmail.com
Pallavi Sarees,0,0,"Garments, Sarees & Blouses",+91 9642376713,Abids,not mentioned
First Citizen Watch Store,0,0,"Lifestyle Accessories, Wrist Watches",+91 9391007382,Abids,khaleel_a98@yahoo.co.in
Liba Wedding Collection,0,0,"Garments, Ready Made Garments, Sarees & Blouses",+91 9490000750,Abids,service@liba.in
Foot Steps,0,0,"Footwear, Lifestyle Accessories, Sandals & Floaters",+91 9533498969,Manikonda,not mentioned
Sri Sai Dresses,0,0,"Innerwear And Loungewear, Lifestyle Accessories, Night Wears",+91 9542699158,Bala Nagar,not mentioned
Planet Fashion,0,0,"Garments, Jeans, Ready Made Garments",+91 40 40048857,Chanda Nagar,not mentioned
M.F. Boutique,0,0,"Embroidery Works, Fashion Designers, Tailors",+91 9959633264,Manikonda,not mentioned
Karishma The Wedding Mall,0,0,"Garments, Sarees & Blouses",+91 9866686868,Abids,karishmabridal@gmail.com
Balaji Cut Piece Center,0,0,"Lifestyle Accessories, Suitings & Shirtings",+91 40 23873115,Bala Nagar,not mentioned
Cheap Jack Womens Clothing Store,0,0,"Dress Materials, Textiles",+91 40 27819823,General Bazar,not mentioned
Discount Factory - Clothing,0,0,"Garments, Ready Made Garments, Trousers",+91 40 23032105,Chanda Nagar,rajender.raju33@gmail.com
V Couture Clothing Store,0,0,"Garments, Ladies Dresses, Tailors",+91 8885599366,Shaikpet,not mentioned
Ladies Choice Womens Clothing Store,0,0,"Garments, Ladies Dresses",+91 9849020542,General Bazar,not mentioned
Sri Khushi Collections Clothing Store,0,0,"Garments, Ladies Dresses, Ready Made Garments",+91 8897361534,Khairatabad,not mentioned
Bata India Limited,0,0,"Footwear, Lifestyle Accessories, Sandals & Floaters",+91 9640973777,Manikonda,not mentioned
Ram Ladies Tailor,0,0,"Tailors, Tailors & Designers",+91 9948147783,Shaikpet,not mentioned
Karachi Readymade Garment Stores,0,0,"Garments, Ladies Dresses",+91 40 27725696,General Bazar,not mentioned
Ranjani Saree Centre,0,0,"Garments, Sarees & Blouses",+91 9959728157,Khairatabad,not mentioned
Aagya Garments,0,0,"Garments, Jeans, Pants",+91 9985644776,Khairatabad,not mentioned
Sri Lakshmi Narasimha Swamy Tailors,0,0,"Tailors, Tailors & Designers",+91 9000382425,Khairatabad,not mentioned
Maa Aashapura Textile,0,0,"Dress Materials, Innerwear And Loungewear, Lifestyle Accessories",+91 9247673731,Manikonda,not mentioned
Sreenivasa Women's & Kid Clothing,0,0,"Dress Materials, Garments, Ladies Dresses",+91 9966519020,Manikonda,not mentioned
Srija Matching Centre,0,0,"Matching Centres, Textiles",+91 9246529212,Bala Nagar,not mentioned
Wear Well Clothing Store,0,0,"Garments, Ladies Dresses",+91 9885909243,General Bazar,not mentioned
World of Titan,0,0,"Lifestyle Accessories, Wrist Watches",+91 40 23030307,Chanda Nagar,not mentioned
Lakshmi Boutique,0,0,"Embroidery Works, Fashion Designers, Tailors",+91 9177073421,Manikonda,not mentioned
Da Fashion Womens Wear,0,0,"Garments, Ladies Dresses, Lifestyle Accessories",+91 9866287686,General Bazar,not mentioned
Sunjan Mens Tailors,0,0,"Tailors, Tailors & Designers",+91 8125525687,Chikkadpally,not mentioned
Durga Bhavani Fashions,0,0,"Embroidery Works, Fashion Designers, Tailors",+91 9032844492,Khairatabad,not mentioned
Queens Collection,0,0,"Garments, Ladies Dresses, Lifestyle Accessories",+91 8008431152,Bala Nagar,not mentioned
Sheeba Corner Hosiery Store,0,0,"Innerwear And Loungewear, Lifestyle Accessories",+91 9849977291,General Bazar,not mentioned
Laxmi Hosiery,0,0,"Innerwear And Loungewear, Lifestyle Accessories, Night Wears",+91 40 66321229,Bala Nagar,not mentioned
4 B & G Store,0,0,"Garments, Toy Shops, Wedding & Events",+91 9848173086,Toli Chowki,not mentioned
Ganesh Hosiery Readymade Stores,0,0,"Garments, Innerwear And Loungewear, Ladies Dresses",+91 40 66665565,Chikkadpally,not mentioned
Rithika Suits and Dress Materials,0,0,"Garments, Ladies Dresses",+91 40 66817744,General Bazar,not mentioned
Om Prakash Selections Womens Wear,0,0,"Garments, Ladies Dresses, Ready Made Garments",+91 9948051613,Chikkadpally,not mentioned
Canaud House Clothing Store,0,0,"Dress Materials, Garments, Sarees & Blouses",+91 40 23230457,Basheer Bagh,not mentioned
Jeevan Footwear,0,0,"Footwear, Lifestyle Accessories, Sandals & Floaters",+91 9290683056,Bala Nagar,not mentioned
Tabarak Business Concerns,0,0,"Children Wear, Garments",+91 40 66619261,Abids,not mentioned
Pipal Tree Clothing Store,0,0,"Fashion Designers, Tailors & Designers",+91 9949242277,Basheer Bagh,not mentioned
First Cry Kids Accessories,0,0,"Children Wear, Garments",+91 8297291155,Kondapur,hyderabad.kondapur@firstcry.com
Sri Mahalaxmi Cloth Store,0,0,"Garments, Lifestyle Accessories, Sarees & Blouses",+91 9059898063,Khairatabad,not mentioned
Sree Trishaa Boutique,0,0,"Fashion Designers, Garments, Ladies Dresses",+91 9000801524,Chikkadpally,not mentioned
Sri Datta Designers Clothing Store,0,0,"Garments, Ladies Dresses",+91 9866343478,General Bazar,not mentioned
RS Collections,0,0,"Children Wear, Garments, Jeans",+91 9849478795,Bala Nagar,not mentioned
Baba Dai Matching Centre,0,0,"Matching Centres, Tailors, Tailors & Designers",+91 8099215052,Chikkadpally,not mentioned
Fabindia Overseas Private Limited,0,0,"Garments, Jeans, Ladies Dresses",+91 7672048895,Basheer Bagh,not mentioned
Classic Collection Clothing Store,0,0,"Garments, Ladies Dresses, Ready Made Garments",+91 8106485550,General Bazar,not mentioned
Rajesh Cloth Store,0,0,"Garments, Innerwear And Loungewear, Lifestyle Accessories",+91 9704060057,Khairatabad,not mentioned
Smarty Kids Wear,0,0,"Children Wear, Garments",+91 9290161922,Subash Road,not mentioned
Savithri Fashions Kids Wear & Hosiery,0,0,"Garments, Innerwear And Loungewear, Lifestyle Accessories",+91 40 64628384,General Bazar,not mentioned
My Shop,0,0,"Garments, Jeans, Ready Made Garments",+91 9866402043,Kondapur,ek.factoryoutlet@gmail.com
Shalini Fashion Womens Wear,0,0,"Garments, Innerwear And Loungewear, Ladies Dresses",+91 9247188048,General Bazar,not mentioned
Mendas Clothing Store,0,0,"Dress Materials, Garments, Ladies Dresses",+91 40 27894064,M G Road,not mentioned
Mehta Fashions Womens Wear,0,0,"Garments, Ladies Dresses",+91 9000936064,Secunderabad,not mentioned
Manju Boutique,0,0,"Dress Materials, Fashion Designers, Garments",+91 9704870798,Hyder Shah Kote,not mentioned
Swetha Cloth Store,0,0,"Garments, Lifestyle Accessories, Sarees & Blouses",+91 9885548769,Khairatabad,not mentioned
Western House Womens Wear,0,0,"Garments, Ladies Dresses, Ready Made Garments",+91 7702358682,Secunderabad,not mentioned
MF Garments,0,0,"Garments, Jeans, Ready Made Garments",+91 8885555842,Secunderabad,not mentioned
Saawariya Clothing Store,0,0,"Garments, Ladies Dresses",+91 8121163801,Hyder Shah Kote,saawariya.hyd@gmail.com
Baby Store,0,0,Baby Store,+91 7032495149,Himayat Nagar,not mentioned
DOT Fashions,0,0,"Garments, Jeans, Ready Made Garments",+91 9160541881,Ramgopalpet,not mentioned
M/S Devi Enterprises,0,0,"Garments, Innerwear And Loungewear, Jeans",+91 8179923625,M G Road,not mentioned
J K Exclusive Women's Wear,0,0,"Garments, Ladies Dresses",+91 9885252101,Abids,not mentioned
Maharaja Leather,0,0,"Belts & Wallets, Ladies Bags & Purses, Lifestyle Accessories",+91 9949647764,Abids,not mentioned
Attitude Mens Wear,0,0,"Garments, Jeans, Ready Made Garments",+91 9848431244,Hyder Shah Kote,not mentioned
Fashion 4 Season,0,0,"Garments, Innerwear And Loungewear, Jeans",+91 9533599163,Hyder Shah Kote,not mentioned
Passi Garments,0,0,"Garments, Jeans, Ready Made Garments",+91 8106006060,Secunderabad,not mentioned
W Clothing Store,0,0,"Garments, Ladies Dresses",+91 40 42216623,KPHB Colony,not mentioned
Anand Bazar Clothing Store,0,0,"Dress Materials, Garments, Ready Made Garments",+91 9885491000,M G Road,not mentioned
Step Up Footwear Store,0,0,"Footwear, Lifestyle Accessories, Sandals & Floaters",+91 40 27896152,M G Road,not mentioned
Prem Traders,0,0,"Garments, Jeans, Ready Made Garments",+91 9959822170,Secunderabad,not mentioned
Jai Lakshmi Womens Wear,0,0,"Garments, Jeans, Ladies Dresses",+91 9640436167,Hyder Shah Kote,not mentioned
Foresterr Mens Wear,0,0,"Garments, Jeans, Pants",+91 9515877188,Hyder Shah Kote,arunkumarambati@gmail.com
Mufti Clothing Store,0,0,"Ethnic Wear, Overseas Education Consultants, Sarees & Blouses",+91 40 40030927,Madhapur,not mentioned
Maharaja Bags & Accessories,0,0,"Belts & Wallets, Lifestyle Accessories, Travel Goods",+91 9949647764,Abids,not mentioned
Disha Casuals,0,0,"Garments, Ready Made Garments, T-Shirts",+91 9347012834,Secunderabad,not mentioned
Bharat Traders,0,0,"Dress Materials, Lifestyle Accessories, Suitings & Shirtings",+91 40 27812705,Secunderabad,not mentioned
Golden India Foot Walk,0,0,"Footwear, Lifestyle Accessories, Sandals & Floaters",+91 9391055693,Hyder Shah Kote,not mentioned
New Fancy Bangle Store,0,0,"Bangles, Lifestyle Accessories",+91 8121049443,Ameerpet,not mentioned
Sri Klaki Khadi Bandar,0,0,"Dress Materials, Textiles",+91 9391953091,Chanda Nagar,not mentioned
Sri Thakurji Hosiery,0,0,"Innerwear And Loungewear, Lifestyle Accessories",+91 9000001310,Ramgopalpet,not mentioned
Sri Chandra Sarees,0,0,"Garments, Ladies Dresses",+91 40 23734790,Ameerpet,not mentioned
Status Men's Wear,0,0,"Dress Materials, Garments, Ready Made Garments",+91 9849961010,Chanda Nagar,manojstatus@yahoo.com
Out Look Mens Wear,0,0,"Garments, Jeans, Pants",+91 9394840209,Chanda Nagar,not mentioned
Soch Ethnic Wear,0,0,"Ethnic Wear, Garments, Sarees & Blouses",+91 9618031349,Kukatpally,not mentioned
Born Babies,0,0,"Baby Store, Lifestyle Accessories",+91 9848833371,Kukatpally,not mentioned
Dubai Burqa Collections,0,0,"Garments, Ladies Bags & Purses, Ladies Dresses",+91 40 66666511,Mehdipatnam,not mentioned
Sri Dipesh Enterprises,0,0,"Garments, Ready Made Garments",+91 9160746916,Ramgopalpet,not mentioned
Style Mounties Mens Wear,0,0,"Garments, Jeans, Pants",+91 9885579901,Chanda Nagar,not mentioned
Temptations Womens Wear,0,0,"Garments, Ladies Dresses",+91 9849961010,Chanda Nagar,manojstatus@yahoo.com
Foot Fashions,0,0,"Footwear, Lifestyle Accessories, Sandals & Floaters",+91 8121175658,Chanda Nagar,not mentioned
Supriya Garments,0,0,"Garments, Ladies Dresses, Sarees & Blouses",+91 40 23404777,Ameerpet,not mentioned
Pavers England Shoe Store,0,0,"Footwear, Lifestyle Accessories",+91 40 40036774,Madhapur,not mentioned
U.S. Polo Assn Store,0,0,"Garments, Jeans, Pants",+91 40 40210387,Madhapur,not mentioned
Kalamandir Shopping Mall,0,0,"Garments, Ladies Dresses, Sarees & Blouses",+91 9246223998,Ameerpet,sumanth.guntur@kalamandir.com
Fashion House Clothing Store,0,0,"Children Wear, Garments, Ladies Dresses",+91 40 32594099,Hyder Shah Kote,not mentioned
Shree Hari Hara Cloth Emporium,0,0,"Ethnic Wear, Garments, Handlooms",+91 9949645224,Ameerpet,not mentioned
Indiana Bulls Garments,0,0,"Garments, Jeans, Pants",+91 9000700732,Kukatpally,not mentioned
Brands Store Men's Wear,0,0,"Garments, Jeans, Ready Made Garments",+91 9959666628,Madinaguda,not mentioned
Baba's Casual Wear,0,0,"Garments, Ready Made Garments",+91 9848025799,Abids,bababpt@gmail.com
Sagar Footwear ,0,0,"Footwear, Lifestyle Accessories, Sandals & Floaters",+91 9160761786,Ameerpet,not mentioned
First Rank Clothing Company,0,0,"Garments, Jeans, Ready Made Garments",+91 9985395141,Ramgopalpet,firstrankclothingco@gmail.com
Sangam Foot Wear,0,0,"Footwear, Lifestyle Accessories, Sandals & Floaters",+91 9246540435,M G Road,not mentioned
Sudhiksha Tailor & Fashion Designer,0,0,"Embroidery Works, Fashion Designers, Tailors",+91 9963106957,Moosapet,not mentioned
The Bombay Matching Centre,0,0,"Garments, Sarees & Blouses",+91 9849999055,Ameerpet,not mentioned
New Fancy Ready made Garments,0,0,"Garments, Jeans, Pants",+91 7702690728,Toli Chowki,not mentioned
Star Collection Men's Clothing,0,0,"Children Wear, Garments, Sarees & Blouses",+91 9550014676,Ameerpet,brupesh.singh01@gmail.com
Stop N Shop,0,0,"Garments, Jeans, Ready Made Garments",+91 40 66204204,M G Road,not mentioned
Raymond Home,0,0,"Bed Linen, Belts & Wallets, Cushion & Cushion Covers",+91 40 27818350,M G Road,amitent88@rediffmail.com
Sree Sai Ram Enterprises,0,0,"Innerwear And Loungewear, Lifestyle Accessories",+91 9052527680,Ameerpet,sunil.naram@gmail.com
R.S. Brothers Shopping Mall,0,0,"Children Wear, Garments, Jeans",+91 40 66860703,Ameerpet,info@rsbrothers.net
Arvind Textiles,0,0,"Matching Centres, Textiles",+91 9246811220,Ameerpet,not mentioned
Rohini Matching Centre,0,0,"Garments, Matching Centres, Sarees & Blouses",+91 9848056388,Ameerpet,not mentioned
Fashion Palace,0,0,"Garments, Ladies Dresses, Sarees & Blouses",+91 9391036280,Mehdipatnam,not mentioned
Mochi Shoe Shoppe,0,0,"Footwear, Lifestyle Accessories",+91 8297198800,Tirumalgiri,not mentioned
Star Collections,0,0,"Garments, Ladies Dresses",+91 9550014676,Ameerpet,brupesh.singh01@gmail.com
Ethos In Ethnic Wear,0,0,"Ethnic Wear, Garments",+91 9247207806,M G Road,not mentioned
Mittal Fashions Shop,0,0,"Garments, Jeans, Pants",+91 9440685396,Tirumalgiri,mottifjejani@yahoo.com
Tarang Womens Wear,0,0,"Garments, Ladies Dresses",+91 40 42222195,M G Road,not mentioned
Navin Dresses,0,0,"Innerwear And Loungewear, Lifestyle Accessories, Uniforms",+91 40 23730703,Ameerpet,not mentioned
RK Leathers & Luggage,0,0,"Belts & Wallets, Ladies Bags & Purses, Lifestyle Accessories",+91 9985319412,M G Road,not mentioned
Ramraj Cotton,0,0,Textiles,+91 8125915005,Tirumalgiri,not mentioned
Leather Avenue,0,0,"Ladies Bags & Purses, Lifestyle Accessories",+91 9052534294,M G Road,not mentioned
Shades Matching,0,0,"Garments, Ladies Dresses, Matching Centres",+91 9666016153,Ameerpet,not mentioned
The Arvind Store,0,0,"Garments, Jeans, Pants",+91 9985887864,Tirumalgiri,arvindebo.trimulgherry@arvind.in
The Shoe Shoppe,0,0,"Footwear, Lifestyle Accessories, Shoes",+91 40 27720375,M G Road,not mentioned
Sree Binny Approved Retail Showroom,0,0,Uniforms,+91 9032020459,Ameerpet,bharath_459@yahoo.in
Woodland Store,0,0,"Footwear, Lifestyle Accessories, Shoes",+91 40 40182313,Tirumalgiri,not mentioned
Rachuri Brothers,0,0,"Dress Materials, Garments, Lifestyle Accessories",+91 40 23032380,Lingampally,not mentioned
Bata Footwear Store,0,0,"Footwear, Lifestyle Accessories, Sandals & Floaters",+91 40 42024002,Karkhana,not mentioned
Om Bhavani Fashions,0,0,"Garments, Jeans, Pants",+91 9885187487,R C Puram,not mentioned
Sravani Ladies Tailors,0,0,"Tailoring Materials, Tailors, Tailors & Designers",+91 9704776791,Miyapur,not mentioned
Meher Department Boutique,0,0,"Fashion Designers, Lifestyle Accessories, Perfumes",+91 40 23035026,Lingampally,not mentioned
Adidas Store,0,0,"Footwear, Garments, Lifestyle Accessories",+91 40 42223064,Tirumalgiri,adidas.tirumalgiri@gmail.com
Denim Hub,0,0,"Garments, Jeans, Ready Made Garments",+91 9059340783,R C Puram,krish4u6007@gmail.com
DG Mens Wear,0,0,"Garments, Ready Made Garments",+91 8712932265,Feelkhana,not mentioned
Pick Up Sale Clothing Store,0,0,"Garments, Ladies Dresses",+91 9391024547,Lingampally,not mentioned
Reebok Outlet,0,0,"Footwear, Garments, Lifestyle Accessories",+91 40 27742917,Tirumalgiri,rbk_tirumalgiri@yahoo.co.in
Variety Foot Wear,0,0,"Footwear, Lifestyle Accessories, Sandals & Floaters",+91 9618037381,M G Road,not mentioned
Louis Philippe & Van Heusen Shopping Mall,0,0,"Garments, Ready Made Garments",+91 40 42101367,Tirumalgiri,vh.tirumalgiri@gmail.com
Manish Creations Men's Wear,0,0,"Ethnic Wear, Garments",+91 40 42102299,Tirumalgiri,thirumalgherry@manishfashionworld.com
Ronak Fashion,0,0,"Garments, Ready Made Garments",+91 9949457264,Feelkhana,not mentioned
Optical Boutique,0,0,"Contact Lenses, Eyeglasses, Frames",+91  9246267216,Karkhana,affordable.hyderabad@gmail.com
Jeans World,0,0,"Garments, Jeans, Ready Made Garments",+91 9392810077,Mehdipatnam,afroz09972@gmail.com
Pooja Footwear,0,0,"Footwear, Lifestyle Accessories, Sandals & Floaters",+91 8686956112,Tirumalgiri,not mentioned
Paxal Kids,0,0,"Garments, Jeans, Pants",+91 8142830456,Begum Bazar,not mentioned
Foot Star,0,0,"Footwear, Lifestyle Accessories, Sandals & Floaters",+91 40 64518281,Tirumalgiri,rob.tgir@gmail.com
Deccan Readymade Garments,0,0,"Garments, Jeans, Ladies Dresses",+91 40 66666608,Mehdipatnam,not mentioned
Sri Balaji Hosiery XLU,0,0,"Garments, Innerwear And Loungewear, Ladies Dresses",+91 9849999915,M G Road,not mentioned
Vision Express ,0,0,"Children Wear, Garments, Jeans",+91 40 40404018,Karkhana,hyd_thiru_4616@visionexpress.in
Kolhapur House Footwear,0,0,"Footwear, Lifestyle Accessories, Sandals & Floaters",+91 9700323921,Lingampally,k.anirudh200@gmail.com
Surendra Textiles,0,0,"Dress Materials, Textiles",+91 40 65457500,Lingampally,not mentioned
Hasini Enterprises,0,0,"Innerwear And Loungewear, Lifestyle Accessories, Night Wears",+91 9866121169,Attapur,not mentioned
H.M. Hosiery,0,0,"Garments, Ladies Dresses",+91 9966372424,Dewan Devdi,not mentioned
Shreeji Garments,0,0,"Children Wear, Garments, Sarees & Blouses",+91 8099748487,Attapur,not mentioned
Tanu Novelty,0,0,"Caps & Hats, Lifestyle Accessories",+91 9963482745,Feelkhana,not mentioned
AM Traders,0,0,"Garments, Jeans, Lifestyle Accessories",+91 8008850895,Dewan Devdi,not mentioned
Looto Sale,0,0,"Garments, Jeans, Pants",+91 8341786710,Toli Chowki,not mentioned
Jaya's Designers,0,0,"Fashion Designers, Tailors, Tailors & Designers",+91 9949574377,Kukatpally,not mentioned
CMR Collections,0,0,"Garments, Sarees & Blouses",+91 9853995473,Attapur,not mentioned
RVS Fashions,0,0,"Children Wear, Garments, Toy Shops",+91 9014972937,Tirumalgiri,not mentioned
I.A.S Textiles,0,0,"Lifestyle Accessories, Night Wears",+91 9246886607 ,Dewan Devdi,iastextiles123@gmail.com
Alfa Moda Boutique,0,0,"Dress Materials, Garments, Sarees & Blouses",+91 40 69999936,Attapur,not mentioned
Classic Traders,0,0,"Baby Store, Innerwear And Loungewear, Lifestyle Accessories",+91 9989612618,Dewan Devdi,not mentioned
Smarty Family Fashion Store,0,0,"Garments, Jeans, Sarees & Blouses",+91 9703097504,Attapur,not mentioned
Meghana She N Kids,0,0,"Garments, Sarees & Blouses",+91 40 65307070,Attapur,not mentioned
Sri Karini Enterprises,0,0,"Ladies Bags & Purses, Lifestyle Accessories",+91 8008873919,Feelkhana,not mentioned
Leenes Mens Wear,0,0,"Garments, Jeans, Lifestyle Accessories",+91 8897944447,Kukatpally,not mentioned
Sri Dhanalakshmi Silks,0,0,"Garments, Sarees & Blouses",+91 9440987699,Attapur,not mentioned
Chaitra Kids Wear,0,0,"Garments, Jeans, Lifestyle Accessories",+91 8008222841,Kukatpally,not mentioned
A.R. Creations Luggage Store,0,0,"Ladies Bags & Purses, Lifestyle Accessories, Travel Goods",+91 9849656237,Feelkhana,not mentioned
M.K. Garments,0,0,"Garments, Jeans, Ready Made Garments",+91 9700665686,Ameerpet,not mentioned
Minar Traders,0,0,"Lifestyle Accessories, Night Wears",+91 9246343622,Dewan Devdi,not mentioned
New Roopa Collections,0,0,"Garments, Ladies Dresses, Sarees & Blouses",+91 9010303449,Attapur,not mentioned
Dinesh Trading & Company,0,0,"Tailoring Materials, Textiles",+91 9849265553,Feelkhana,not mentioned
Bhavani Brothers,0,0,"Dress Materials, Ethnic Wear, Garments",+91 9394758683,Hyder Shah Kote,bhavanibrother@yahoo.com
Today Fashion,0,0,"Children Wear, Jeans, Pants",+91 9030014664,Dewan Devdi,not mentioned
Peter England showroom,0,0,"Garments, Jeans, Ready Made Garments",+91 40 23511687,Toli Chowki,not mentioned
Vinayak Hosiery,0,0,"Children Wear, Garments, Innerwear And Loungewear",+91 9246809667,Kukatpally,kuldip.singh0000@gmail.com
Hardik Footwear,0,0,"Footwear, Lifestyle Accessories, Sandals & Floaters",+91 9849589776,RTC X Roads,not mentioned
Metro Foot Wear,0,0,"Footwear, Lifestyle Accessories, Sandals & Floaters",+91 9985698946,Sanath Nagar,not mentioned
Born Babies,0,0,Baby Store,+91 9848333350,Karkhana,not mentioned
Hey Bay Hosiery,0,0,"Children Wear, Garments, Innerwear And Loungewear",+91 40 23529900,Toli Chowki,not mentioned
Cost 2 Cost,0,0,"Footwear, Lifestyle Accessories, Sandals & Floaters",+91 40 66824455,Chikkadpally,not mentioned
Aarzu Ladies Ethnic,0,0,"Ethnic Wear, Garments",+91 9000531743,Toli Chowki,sifatabrez@gmail.com
Advikaa Creations,0,0,"Fashion Designers, Garments, Ladies Dresses",+91 7674829231,Chikkadpally,not mentioned
Rahmath Collection,0,0,Ladies Dresses,+91 9704686787,Dewan Devdi,rahmathtrendz@gmail.com
Talha Garments,0,0,"Garments, Jeans, Pants",+91 9885562907,Dewan Devdi,not mentioned
Jalaram Hosiery,0,0,"Innerwear And Loungewear, Lifestyle Accessories",+91 9676486226,Kukatpally,jalaramhosiery99@gmail.com
Veena Boutique,0,0,"Fashion Designers, Tailors, Tailors & Designers",+91 7306222113,Kukatpally,not mentioned
Be More,0,0,"Garments, Innerwear And Loungewear, Jeans",+91 9700462443,RTC X Roads,not mentioned
Baba Collection,0,0,"Garments, Ladies Dresses",+91 9885767698,Dewan Devdi,not mentioned
Pragathi Fashions,0,0,"Garments, Handlooms, Innerwear And Loungewear",+91 9700407213,Kukatpally,not mentioned
Nocto America Clothing Store,0,0,"Garments, Jeans, Pants",+91 9347513475,RTC X Roads,not mentioned
Chowdhry Garments,0,0,"Jeans, Ladies Dresses, Pants",+91 9700319972,Dewan Devdi,not mentioned
Louis Philippe Showroom,0,0,"Garments, Jeans, Ready Made Garments",+91 40 23511697,Toli Chowki,not mentioned
Berries 12,0,0,"Children Wear, Garments",+91 7799200012,Toli Chowki,not mentioned
Sowbhagya Ladies Emporium,0,0,"Fashion Designers, Garments, Ladies Dresses",+91 9177581358,Sanath Nagar,not mentioned
Modern Menswear,0,0,"Garments, Jeans, Ready Made Garments",+91 9000338764,Kukatpally,not mentioned
Residents Rich Collection Clothing Store,0,0,"Garments, Ready Made Garments",+91 8464012812,Chikkadpally,residentsrichcollection@gmail.com
Dreamz Clothing Store,0,0,"Garments, Ready Made Garments",+91 9396249155,RTC X Roads,not mentioned
Sri Krishna Designer Boutique,0,0,"Fashion Designers, Garments, Ladies Dresses",+91 9885400643,RTC X Roads,not mentioned
JK Design Yours,0,0,Tailors & Designers,+91 9951377029,Mehdipatnam,not mentioned
D & D Apparels,0,0,"Garments, Ladies Dresses",+91 8885042229,M G Road,ddapparels2012@gmail.com
A.V Nagabhushanam Clothing Store,0,0,"Garments, Lifestyle Accessories, Ready Made Garments",+91 40 27812589,M G Road,not mentioned
Hello Kids Wear,0,0,"Garments, Ready Made Garments",+91 9030834241,Kukatpally,mayur.gujurathra@gmail.com
Rajastani Rangoli,0,0,"Dress Materials, Garments, Ladies Dresses",+91 9912582650,Chikkadpally,not mentioned
Shoppers Stop,0,0,"Children Wear, Garments, Jeans",+91 40 44609502,Madhapur,not mentioned
Sree Sudha Ladies Tailor,0,0,"Fashion Designers, Tailors, Tailors & Designers",+91 9849574181,Chikkadpally,not mentioned
New India Garments,0,0,"Ethnic Wear, Garments, Ladies Dresses",+91 9642128955,Charminar,not mentioned
Bombay Readymade And Garments,0,0,"Children Wear, Garments, Jeans",+91 40 66753866,Mehdipatnam,not mentioned
Apple Mens Wear,0,0,"Garments, Jeans, Pants",+91 9640050195,Secunderabad,not mentioned
Rehan International Deco Leathers,0,0,"Belts & Wallets, Lifestyle Accessories, Travel Goods",+91 9550147334,S D Road,rehaninternational2015@gmail.com
G.F Foot Wear,0,0,"Footwear, Lifestyle Accessories, Sandals & Floaters",+91 9248763001,M G Road,not mentioned
Y S Fashion Wear,0,0,"Children Wear, Garments",+91 9849674671,Toli Chowki,not mentioned
Just Kids,0,0,"Baby Store, Toy Shops, Wedding & Events",+91 9700168786,Toli Chowki,justkidzstore4143@gmail.com
Radhika Selection Clothing Store,0,0,"Children Wear, Garments, Handlooms",+91 9246809669,Kukatpally,niteshksuthar@gmail.com
Proxy Tailors,0,0,"Tailors, Tailors & Designers",+91 9949566247,Chikkadpally,not mentioned
Kanish Collections Clothing Store,0,0,"Dress Materials, Garments, Innerwear And Loungewear",+91 9391023380,Kukatpally,not mentioned
Kidding Kids Wear,0,0,"Children Wear, Garments",+91 40 40164974,Banjara Hills,not mentioned
Ramraj Cottons,0,0,"Garments, Innerwear And Loungewear, Lifestyle Accessories",+91 40 66333227,Chikkadpally,not mentioned
Rana Selections Footwear,0,0,"Footwear, Lifestyle Accessories, Sandals & Floaters",+91 9951709245,Kukatpally,vinodraj245@gmail.com
Rathi & Sons Clothing Store,0,0,"Bed Linen, Dress Materials, Furnishings",+91 9642828250,M G Road,not mentioned
Sai's Fashion Hub,0,0,"Dress Materials, Garments, Ready Made Garments",+91 40 65350026,Kukatpally,saisfashionhub@gmail.com
Centro,0,0,"Footwear, Sandals & Floaters, Shoes",+91 40 23000997,Gachibowli,not mentioned
Lakshmee Matchings,0,0,"Dress Materials, Matching Centres, Textiles",+91 8885631211,Kukatpally,hafeez.fashion@gmail.com
Born Babies,0,0,Baby Store,+91 40 40033391,Banjara Hills,not mentioned
LE 34 Mens Wear,0,0,"Jeans, Pants, Ready Made Garments",+91 9985430044,Toli Chowki,not mentioned
FabonBudget,0,0,no tags,+91 9725234363,Bansilalpet,fabonbudget.com@gmail.com
Shri Hari Paridhan,0,0,Garments,+91 9000021236,Jubilee Hills,info@shriparidhan.in
Tilak Chand Zariwala,0,0,"Lifestyle Accessories, Tailoring Materials",+91 40 64561688,Siddiamber Bazar,not mentioned
Top Fashion Foot Wear,0,0,"Footwear, Lifestyle Accessories, Sandals & Floaters",+91 9948692474,Secunderabad,not mentioned
Sridevi Silks,0,0,"Handlooms, Sarees & Blouses",+91 9052762826,Kothapet,not mentioned
Hyper city,0,0,"Food Stores, Home Appliances, Hypermarkets",+91 9100169216,Kukatpally,feedback@hypercityindia.com
South Maart Clothing Store,0,0,"Children Wear, Garments, Ladies Dresses",+91 9440020151,Nizampet,meranimanoj@yahoo.com
Royal Zari & Cloth Emporium,0,0,"Embroidery Works, Tailors & Designers",+91 9246365513,Charminar,not mentioned
Dinesh Trading Company,0,0,Tailoring Materials,+91 9849265553,Feelkhana,not mentioned
Crecent Fancy Store,0,0,"Optics & Eyewear, Sunglasses",+91 9849096771,Begum Bazar,not mentioned
Kamal Jari & Lace Merchant,0,0,"Lifestyle Accessories, Matching Centres, Tailoring Materials",+91 40 24562395,Charminar,not mentioned
Cotton World,0,0,no tags,+91 7386670048,Dammaiguda,mslnp2009@gmail.com
Sri Ganesh Matching & Hosiery Centre,0,0,"Innerwear And Loungewear, Lifestyle Accessories, Matching Centres",+91 9581327184,Khairatabad,not mentioned
New Bharat Enterprises,0,0,Ready Made Garments,+91 9848040947,King Koti,not mentioned
J.K Collections Bangle Store,0,0,"Bangles, Lifestyle Accessories",+91 9966478688,Gosha Mahal,not mentioned
Crown Footwear & Clothing,0,0,"Belts & Wallets, Footwear, Jeans",+91 40 66730289,Hyderguda,not mentioned
Tanzeb Womens Wear,0,0,"Dress Materials, Ethnic Wear, Garments",+91 40 27814850,M G Road,not mentioned
New Textile Plaza,0,0,Sarees & Blouses,+91 9885733698,Ghansi Bazar,not mentioned
Just Kids Wear,0,0,"Garments, Ready Made Garments",+91 9985266667,M G Road,not mentioned
Apollo Watch Company,0,0,"Lifestyle Accessories, Wrist Watches",+91 9866437885,Secunderabad,not mentioned
Con traditions,0,0,"Garments, Tailors & Designers, Textiles",+91 402337896,Somajiguda,info@contraditions.com
Al Amoudi Silk Creation,0,0,"Lifestyle Accessories, Tailoring Materials",+91 8885066680,Charminar,not mentioned
Jockey Hosiery Store,0,0,"Innerwear And Loungewear, Lifestyle Accessories",+91 40 65149149,Shaikpet,not mentioned
Mushi Designers,0,0,"Dress Materials, Ladies Dresses",+91 9059595982,Basheer Bagh,not mentioned
Vandana Silk Centre,4,6,"Lifestyle Accessories, Night Wears, Textiles",+91 9030900909,Chikkadpally,vandanasilkcentre@gmail.com
Southend Showroom,0,0,"Belts & Wallets, Garments, Jeans",+91 9848617065,Himayat Nagar,himayathnagar@southend.co.in
Ganesh Hosiery Wear,0,0,"Innerwear And Loungewear, Lifestyle Accessories, Night Wears",+91 9908609649,Abids,ghgs2009@yahoo.com
Shoe Mall,0,0,"Footwear, Lifestyle Accessories, Sandals & Floaters",+91 9885813139,Bandlaguda,shoemall88@gmail.com
Foresterr Men's Store,0,0,"Garments, Jeans, Optics & Eyewear",+91 9515877188,Bandlaguda,arunkumarambati@gmail.com
Ashnah Bridals Wear,0,0,"Dress Materials, Garments, Ready Made Garments",+91 9885448768,Kukatpally,christianbridalstore@gmail.com
Annapurna Clothing Collection,0,0,"Garments, Pants, Ready Made Garments",+91 8008229317,Bala Nagar,sridhardakkara@gmail.com
Hamed & Sons Cloth Store,0,0,no tags,+91 9848412304,Charminar,not mentioned
Taruni Men's & Women's Store,0,0,"Lifestyle Accessories, Night Wears, Textiles",+91 9502575663,General Bazar,info@taruni.com
Fabindia Overseas Store Pvt. Ltd.,0,0,"Garments, Innerwear And Loungewear, Lifestyle Accessories",+91 7672048895,Basheer Bagh,basheerbagh.hyderabad@fabindia.net
White House Apparels Pvt Ltd,5,19,"Garments, Jeans, Pants",+91 9912063181,Himayat Nagar,whitehouseapparels@gmail.com
Ms Attire For U & I Store,0,0,"Garments, Innerwear And Loungewear, Lifestyle Accessories",+91 9849346723,Punjagutta,msattire09@gmail.com
Nysa Fashion House,0,0,"Embroidery Works, Fashion Designers, Tailors",+91 9603722912,Banjara Hills,nysafashionhouse@gmail.com
Madhu Silk Women's Wear,0,0,"Dress Materials, Garments, Ready Made Garments",+91 9966277840,Banjara Hills,madhusilkheritage@gmail.com
Mahenderkar Agencies,0,0,Sewing Machine Dealers,+91 9700006652,Ramgopalpet,not mentioned
Unique Collections,0,0,"Belts & Wallets, Garments, Jeans",+91 040 42407776,Tirumalgiri,not mentioned
Manish Creations,0,0,"Garments, Innerwear And Loungewear, Lifestyle Accessories",+91 9885022800,Himayat Nagar,manish.hyd@manishfashionsworld.com
Kingsby Men's Wear,0,0,"Garments, Jeans, Pants",+91 9849217836,Attapur,kingsbyattapur@gmail.com
Mom & Me,0,0,Baby Store,+91 40 40264752,Jubilee Hills,not mentioned
Kaira Exclusive Showroom,0,0,"Dress Materials, Garments, Ready Made Garments",+91 9515106202,Bandlaguda,mahikafachion14@gmail.com
New Elpar Men's Designers & Textiles,0,0,"Tailors, Tailors & Designers, Textiles",+91 9032687050,Himayat Nagar,newelpartailor@yahoo.com
Born Babies,0,0,Baby Store,+91 9948333351,Himayat Nagar,not mentioned
Gayathri Hosiery & Night Wear,0,0,"Bed Linen, Furnishings, Home Needs",+91 9989020351,Ameerpet,gayathrihosiery1108@gmail.com
Van Heusen Clothing,0,0,"Garments, Ready Made Garments, Shirts",+91 9966050421,Banjara Hills,mg-hydvh8011-ro@madura.adityabirla.com
Kishore Matching & Saree Centre,0,0,"Garments, Matching Centres, Sarees & Blouses",+91 40 66621629,Ameerpet,not mentioned
Athiva Silks & Mega Matchings Centre,0,0,"Dress Materials, Matching Centres, Tailoring Materials",+91 9030855736,Kukatpally,sulochana1010@gmail.com
Kolhapur Foot Wear House,0,0,"Footwear, Lifestyle Accessories, Sandals & Floaters",+91 9700323921,Lingampally,k.anirudh200@gmail.com
Khadims Foot Wear,4,1,"Footwear, Lifestyle Accessories, Sandals & Floaters",+91 9703817488,M G Road,abhijit.chakraborty1@gmail.com
Damodar Textiles,0,0,"Dress Materials, Matching Centres, Suitings & Shirtings",+91 8019767632,Lingampally,pitti.govind@gmail.com
Mod Wear For Women's,0,0,"Dress Materials, Garments, Ladies Dresses",+91 9959734081,Secunderabad,iabdulrshman@hotmail.com
South Mart Collection,0,0,"Dress Materials, Matching Centres, Suitings & Shirtings",+91 7702774395,Lingampally,rvudugu32814@gmail.com
Jalaram Fashions,0,0,"Dress Materials, Garments, Ready Made Garments",+91 9985319990,Kukatpally,gunvant.patel.gp@gmail.com
K.N Foot Wear,0,0,"Footwear, Lifestyle Accessories, Sandals & Floaters",+91 9676381962,Kukatpally,sai.9676@gmail.com
Gopal Selections Wear,0,0,"Dress Materials, Matching Centres, Suitings & Shirtings",+91 9700110670,Lingampally,andy.pareek@gmail.com
Sree Durga Foot Wear,0,0,"Footwear, Lifestyle Accessories, Sandals & Floaters",+91 8686231734,R C Puram,kiranbamilpur360@gmail.com
Vastra Trendz Exclusive Showroom,0,0,"Garments, Jeans, Lifestyle Accessories",+91 9700008333,KPHB Colony,vastratrendz@gmail.com
Ashta Lakshmi Silks,0,0,"Dress Materials, Garments, Handlooms",+91 9849486207,Chikkadpally,ashtalaksmisilks9@gmail.com
